agent_id,time_step,battery
2,0,0.1798
2,1,0.17959999999999998
2,2,0.17939999999999998
2,3,0.17919999999999997
2,4,0.17899999999999996
2,5,0.17879999999999996
2,6,0.17859999999999995
2,7,0.17839999999999995
2,8,0.17819999999999994
2,9,0.17799999999999994
2,10,0.17779999999999993
2,11,0.17759999999999992
2,12,0.17739999999999992
2,13,0.1771999999999999
2,14,0.1769999999999999
2,15,0.1767999999999999
2,16,0.1765999999999999
2,17,0.1763999999999999
2,18,0.17619999999999988
2,19,0.17599999999999988
2,20,0.17579999999999987
2,21,0.17559999999999987
2,22,0.17539999999999986
2,23,0.17519999999999986
2,24,0.17499999999999985
2,25,0.17479999999999984
2,26,0.17459999999999984
2,27,0.17439999999999983
2,28,0.17419999999999983
2,29,0.17399999999999982
2,30,0.17379999999999982
2,31,0.1735999999999998
2,32,0.1733999999999998
2,33,0.1731999999999998
2,34,0.1729999999999998
2,35,0.1727999999999998
2,36,0.17259999999999978
2,37,0.17239999999999978
2,38,0.17219999999999977
2,39,0.17199999999999976
2,40,0.17179999999999976
2,41,0.17159999999999975
2,42,0.17139999999999975
2,43,0.17119999999999974
2,44,0.17099999999999974
2,45,0.17079999999999973
2,46,0.17059999999999972
2,47,0.17039999999999972
2,48,0.1701999999999997
2,49,0.1699999999999997
2,50,0.1697999999999997
2,51,0.1695999999999997
2,52,0.1693999999999997
2,53,0.16919999999999968
2,54,0.16899999999999968
2,55,0.16879999999999967
2,56,0.16859999999999967
2,57,0.16839999999999966
2,58,0.16819999999999966
2,59,0.16799999999999965
2,60,0.16779999999999964
2,61,0.16759999999999964
2,62,0.16739999999999963
2,63,0.16719999999999963
2,64,0.16699999999999962
2,65,0.16679999999999962
2,66,0.1665999999999996
2,67,0.1663999999999996
2,68,0.1661999999999996
2,69,0.1659999999999996
2,70,0.1657999999999996
2,71,0.16559999999999958
2,72,0.16539999999999958
2,73,0.16519999999999957
2,74,0.16499999999999956
2,75,0.16479999999999956
2,76,0.16459999999999955
2,77,0.16439999999999955
2,78,0.16419999999999954
2,79,0.16399999999999954
2,80,0.16379999999999953
2,81,0.16359999999999952
2,82,0.16339999999999952
2,83,0.1631999999999995
2,84,0.1629999999999995
2,85,0.1627999999999995
2,86,0.1625999999999995
2,87,0.1623999999999995
2,88,0.16219999999999948
2,89,0.16199999999999948
2,90,0.16179999999999947
2,91,0.16159999999999947
2,92,0.16139999999999946
2,93,0.16119999999999945
2,94,0.16099999999999945
2,95,0.16079999999999944
2,96,0.16059999999999944
2,97,0.16039999999999943
2,98,0.16019999999999943
2,99,0.15999999999999942
2,100,0.15979999999999941
2,101,0.1595999999999994
2,102,0.1593999999999994
2,103,0.1591999999999994
2,104,0.1589999999999994
2,105,0.15879999999999939
2,106,0.15859999999999938
2,107,0.15839999999999937
2,108,0.15819999999999937
2,109,0.15799999999999936
2,110,0.15779999999999936
2,111,0.15759999999999935
2,112,0.15739999999999935
2,113,0.15719999999999934
2,114,0.15699999999999933
2,115,0.15679999999999933
2,116,0.15659999999999932
2,117,0.15639999999999932
2,118,0.1561999999999993
2,119,0.1559999999999993
2,120,0.1557999999999993
2,121,0.1555999999999993
2,122,0.1553999999999993
2,123,0.15519999999999928
2,124,0.15499999999999928
2,125,0.15479999999999927
2,126,0.15459999999999927
2,127,0.15439999999999926
2,128,0.15419999999999925
2,129,0.15399999999999925
2,130,0.15379999999999924
2,131,0.15359999999999924
2,132,0.15339999999999923
2,133,0.15319999999999923
2,134,0.15299999999999922
2,135,0.15279999999999921
2,136,0.1525999999999992
2,137,0.1523999999999992
2,138,0.1521999999999992
2,139,0.1519999999999992
2,140,0.15179999999999919
2,141,0.15159999999999918
2,142,0.15139999999999917
2,143,0.15119999999999917
2,144,0.15099999999999916
2,145,0.15079999999999916
2,146,0.15059999999999915
2,147,0.15039999999999915
2,148,0.15019999999999914
2,149,0.14999999999999913
2,150,0.14979999999999913
2,151,0.14959999999999912
2,152,0.14939999999999912
2,153,0.1491999999999991
2,154,0.1489999999999991
2,155,0.1487999999999991
2,156,0.1485999999999991
2,157,0.1483999999999991
2,158,0.14819999999999908
2,159,0.14799999999999908
2,160,0.14779999999999907
2,161,0.14759999999999907
2,162,0.14739999999999906
2,163,0.14719999999999905
2,164,0.14699999999999905
2,165,0.14679999999999904
2,166,0.14659999999999904
2,167,0.14639999999999903
2,168,0.14619999999999903
2,169,0.14599999999999902
2,170,0.145799999999999
2,171,0.145599999999999
2,172,0.145399999999999
2,173,0.145199999999999
2,174,0.144999999999999
2,175,0.14479999999999899
2,176,0.14459999999999898
2,177,0.14439999999999897
2,178,0.14419999999999897
2,179,0.14399999999999896
2,180,0.14379999999999896
2,181,0.14359999999999895
2,182,0.14339999999999894
2,183,0.14319999999999894
2,184,0.14299999999999893
2,185,0.14279999999999893
2,186,0.14259999999999892
2,187,0.14239999999999892
2,188,0.1421999999999989
2,189,0.1419999999999989
2,190,0.1417999999999989
2,191,0.1415999999999989
2,192,0.1413999999999989
2,193,0.14119999999999888
2,194,0.14099999999999888
2,195,0.14079999999999887
2,196,0.14059999999999886
2,197,0.14039999999999886
2,198,0.14019999999999885
2,199,0.13999999999999885
2,200,0.13979999999999884
2,201,0.13959999999999884
2,202,0.13939999999999883
2,203,0.13919999999999882
2,204,0.13899999999999882
2,205,0.1387999999999988
2,206,0.1385999999999988
2,207,0.1383999999999988
2,208,0.1381999999999988
2,209,0.1379999999999988
2,210,0.13779999999999878
2,211,0.13759999999999878
2,212,0.13739999999999877
2,213,0.13719999999999877
2,214,0.13699999999999876
2,215,0.13679999999999876
2,216,0.13659999999999875
2,217,0.13639999999999874
2,218,0.13619999999999874
2,219,0.13599999999999873
2,220,0.13579999999999873
2,221,0.13559999999999872
2,222,0.13539999999999872
2,223,0.1351999999999987
2,224,0.1349999999999987
2,225,0.1347999999999987
2,226,0.1345999999999987
2,227,0.1343999999999987
2,228,0.13419999999999868
2,229,0.13399999999999868
2,230,0.13379999999999867
2,231,0.13359999999999866
2,232,0.13339999999999866
2,233,0.13319999999999865
2,234,0.13299999999999865
2,235,0.13279999999999864
2,236,0.13259999999999864
2,237,0.13239999999999863
2,238,0.13219999999999862
2,239,0.13199999999999862
2,240,0.1317999999999986
2,241,0.1315999999999986
2,242,0.1313999999999986
2,243,0.1311999999999986
2,244,0.1309999999999986
2,245,0.13079999999999858
2,246,0.13059999999999858
2,247,0.13039999999999857
2,248,0.13019999999999857
2,249,0.12999999999999856
2,250,0.12979999999999856
2,251,0.12959999999999855
2,252,0.12939999999999854
2,253,0.12919999999999854
2,254,0.12899999999999853
2,255,0.12879999999999853
2,256,0.12859999999999852
2,257,0.12839999999999852
2,258,0.1281999999999985
2,259,0.1279999999999985
2,260,0.1277999999999985
2,261,0.1275999999999985
2,262,0.1273999999999985
2,263,0.12719999999999848
2,264,0.12699999999999848
2,265,0.12679999999999847
2,266,0.12659999999999846
2,267,0.12639999999999846
2,268,0.12619999999999845
2,269,0.12599999999999845
2,270,0.12579999999999844
2,271,0.12559999999999844
2,272,0.12539999999999843
2,273,0.12519999999999842
2,274,0.12499999999999842
2,275,0.12479999999999841
2,276,0.1245999999999984
2,277,0.1243999999999984
2,278,0.1241999999999984
2,279,0.12399999999999839
2,280,0.12379999999999838
2,281,0.12359999999999838
2,282,0.12339999999999837
2,283,0.12319999999999837
2,284,0.12299999999999836
2,285,0.12279999999999835
2,286,0.12259999999999835
2,287,0.12239999999999834
2,288,0.12219999999999834
2,289,0.12199999999999833
2,290,0.12179999999999833
2,291,0.12159999999999832
2,292,0.12139999999999831
2,293,0.12119999999999831
2,294,0.1209999999999983
2,295,0.1207999999999983
2,296,0.12059999999999829
2,297,0.12039999999999829
2,298,0.12019999999999828
2,299,0.11999999999999827
2,300,0.11979999999999827
2,301,0.11959999999999826
2,302,0.11939999999999826
2,303,0.11919999999999825
2,304,0.11899999999999825
2,305,0.11879999999999824
2,306,0.11859999999999823
2,307,0.11839999999999823
2,308,0.11819999999999822
2,309,0.11799999999999822
2,310,0.11779999999999821
2,311,0.1175999999999982
2,312,0.1173999999999982
2,313,0.1171999999999982
2,314,0.11699999999999819
2,315,0.11679999999999818
2,316,0.11659999999999818
2,317,0.11639999999999817
2,318,0.11619999999999817
2,319,0.11599999999999816
2,320,0.11579999999999815
2,321,0.11559999999999815
2,322,0.11539999999999814
2,323,0.11519999999999814
2,324,0.11499999999999813
2,325,0.11479999999999813
2,326,0.11459999999999812
2,327,0.11439999999999811
2,328,0.11419999999999811
2,329,0.1139999999999981
2,330,0.1137999999999981
2,331,0.11359999999999809
2,332,0.11339999999999809
2,333,0.11319999999999808
2,334,0.11299999999999807
2,335,0.11279999999999807
2,336,0.11259999999999806
2,337,0.11239999999999806
2,338,0.11219999999999805
2,339,0.11199999999999805
2,340,0.11179999999999804
2,341,0.11159999999999803
2,342,0.11139999999999803
2,343,0.11119999999999802
2,344,0.11099999999999802
2,345,0.11079999999999801
2,346,0.110599999999998
2,347,0.110399999999998
2,348,0.110199999999998
3,0,0.6748000000000001
3,1,0.6746000000000001
3,2,0.6744000000000001
3,3,0.6742000000000001
3,4,0.6740000000000002
3,5,0.6738000000000002
3,6,0.6736000000000002
3,7,0.6734000000000002
3,8,0.6732000000000002
3,9,0.6730000000000003
3,10,0.6728000000000003
3,11,0.6726000000000003
3,12,0.6724000000000003
3,13,0.6722000000000004
3,14,0.6720000000000004
3,15,0.6718000000000004
3,16,0.6716000000000004
3,17,0.6714000000000004
3,18,0.6712000000000005
3,19,0.6710000000000005
3,20,0.6708000000000005
3,21,0.6706000000000005
3,22,0.6704000000000006
3,23,0.6702000000000006
3,24,0.6700000000000006
3,25,0.6698000000000006
3,26,0.6696000000000006
3,27,0.6694000000000007
3,28,0.6692000000000007
3,29,0.6690000000000007
3,30,0.6688000000000007
3,31,0.6686000000000007
3,32,0.6684000000000008
3,33,0.6682000000000008
3,34,0.6680000000000008
3,35,0.6678000000000008
3,36,0.6676000000000009
3,37,0.6674000000000009
3,38,0.6672000000000009
3,39,0.6670000000000009
3,40,0.666800000000001
3,41,0.666600000000001
3,42,0.666400000000001
3,43,0.666200000000001
3,44,0.666000000000001
3,45,0.6658000000000011
3,46,0.6656000000000011
3,47,0.6654000000000011
3,48,0.6652000000000011
3,49,0.6650000000000011
3,50,0.6648000000000012
3,51,0.6646000000000012
3,52,0.6644000000000012
3,53,0.6642000000000012
3,54,0.6640000000000013
3,55,0.6638000000000013
3,56,0.6636000000000013
3,57,0.6634000000000013
3,58,0.6632000000000013
3,59,0.6630000000000014
3,60,0.6628000000000014
3,61,0.6626000000000014
3,62,0.6624000000000014
3,63,0.6622000000000015
3,64,0.6620000000000015
3,65,0.6618000000000015
3,66,0.6616000000000015
3,67,0.6614000000000015
3,68,0.6612000000000016
3,69,0.6610000000000016
3,70,0.6608000000000016
3,71,0.6606000000000016
3,72,0.6604000000000017
3,73,0.6602000000000017
3,74,0.6600000000000017
3,75,0.6598000000000017
3,76,0.6596000000000017
3,77,0.6594000000000018
3,78,0.6592000000000018
3,79,0.6590000000000018
3,80,0.6588000000000018
3,81,0.6586000000000019
3,82,0.6584000000000019
3,83,0.6582000000000019
3,84,0.6580000000000019
3,85,0.6578000000000019
3,86,0.657600000000002
3,87,0.657400000000002
3,88,0.657200000000002
3,89,0.657000000000002
3,90,0.656800000000002
3,91,0.6566000000000021
3,92,0.6564000000000021
3,93,0.6562000000000021
3,94,0.6560000000000021
3,95,0.6558000000000022
3,96,0.6556000000000022
3,97,0.6554000000000022
3,98,0.6552000000000022
3,99,0.6550000000000022
3,100,0.6548000000000023
3,101,0.6546000000000023
3,102,0.6544000000000023
3,103,0.6542000000000023
3,104,0.6540000000000024
3,105,0.6538000000000024
3,106,0.6536000000000024
3,107,0.6534000000000024
3,108,0.6532000000000024
3,109,0.6530000000000025
3,110,0.6528000000000025
3,111,0.6526000000000025
3,112,0.6524000000000025
3,113,0.6522000000000026
3,114,0.6520000000000026
3,115,0.6518000000000026
3,116,0.6516000000000026
3,117,0.6514000000000026
3,118,0.6512000000000027
3,119,0.6510000000000027
3,120,0.6508000000000027
3,121,0.6506000000000027
3,122,0.6504000000000028
3,123,0.6502000000000028
3,124,0.6500000000000028
3,125,0.6498000000000028
3,126,0.6496000000000028
3,127,0.6494000000000029
3,128,0.6492000000000029
3,129,0.6490000000000029
3,130,0.6488000000000029
3,131,0.648600000000003
3,132,0.648400000000003
3,133,0.648200000000003
3,134,0.648000000000003
3,135,0.647800000000003
3,136,0.6476000000000031
3,137,0.6474000000000031
3,138,0.6472000000000031
3,139,0.6470000000000031
3,140,0.6468000000000032
3,141,0.6466000000000032
3,142,0.6464000000000032
3,143,0.6462000000000032
3,144,0.6460000000000032
3,145,0.6458000000000033
3,146,0.6456000000000033
3,147,0.6454000000000033
3,148,0.6452000000000033
3,149,0.6450000000000033
3,150,0.6448000000000034
3,151,0.6446000000000034
3,152,0.6444000000000034
3,153,0.6442000000000034
3,154,0.6440000000000035
3,155,0.6438000000000035
3,156,0.6436000000000035
3,157,0.6434000000000035
3,158,0.6432000000000035
3,159,0.6430000000000036
3,160,0.6428000000000036
3,161,0.6426000000000036
3,162,0.6424000000000036
3,163,0.6422000000000037
3,164,0.6420000000000037
3,165,0.6418000000000037
3,166,0.6416000000000037
3,167,0.6414000000000037
3,168,0.6412000000000038
3,169,0.6410000000000038
3,170,0.6408000000000038
3,171,0.6406000000000038
3,172,0.6404000000000039
3,173,0.6402000000000039
3,174,0.6400000000000039
3,175,0.6398000000000039
3,176,0.6396000000000039
3,177,0.639400000000004
3,178,0.639200000000004
3,179,0.639000000000004
3,180,0.638800000000004
3,181,0.638600000000004
3,182,0.6384000000000041
3,183,0.6382000000000041
3,184,0.6380000000000041
3,185,0.6378000000000041
3,186,0.6376000000000042
3,187,0.6374000000000042
3,188,0.6372000000000042
3,189,0.6370000000000042
3,190,0.6368000000000043
3,191,0.6366000000000043
3,192,0.6364000000000043
3,193,0.6362000000000043
3,194,0.6360000000000043
3,195,0.6358000000000044
3,196,0.6356000000000044
3,197,0.6354000000000044
3,198,0.6352000000000044
3,199,0.6350000000000044
3,200,0.6348000000000045
3,201,0.6346000000000045
3,202,0.6344000000000045
3,203,0.6342000000000045
3,204,0.6340000000000046
3,205,0.6338000000000046
3,206,0.6336000000000046
3,207,0.6334000000000046
3,208,0.6332000000000046
3,209,0.6330000000000047
3,210,0.6328000000000047
3,211,0.6326000000000047
3,212,0.6324000000000047
3,213,0.6322000000000048
3,214,0.6320000000000048
3,215,0.6318000000000048
3,216,0.6316000000000048
3,217,0.6314000000000048
3,218,0.6312000000000049
3,219,0.6310000000000049
3,220,0.6308000000000049
3,221,0.6306000000000049
3,222,0.630400000000005
3,223,0.630200000000005
3,224,0.630000000000005
3,225,0.629800000000005
3,226,0.629600000000005
3,227,0.6294000000000051
3,228,0.6292000000000051
3,229,0.6290000000000051
3,230,0.6288000000000051
3,231,0.6286000000000052
3,232,0.6284000000000052
3,233,0.6282000000000052
3,234,0.6280000000000052
3,235,0.6278000000000052
3,236,0.6276000000000053
3,237,0.6274000000000053
3,238,0.6272000000000053
3,239,0.6270000000000053
3,240,0.6268000000000054
3,241,0.6266000000000054
3,242,0.6264000000000054
3,243,0.6262000000000054
3,244,0.6260000000000054
3,245,0.6258000000000055
3,246,0.6256000000000055
3,247,0.6254000000000055
3,248,0.6252000000000055
3,249,0.6250000000000056
3,250,0.6248000000000056
3,251,0.6246000000000056
3,252,0.6244000000000056
3,253,0.6242000000000056
3,254,0.6240000000000057
3,255,0.6238000000000057
3,256,0.6236000000000057
3,257,0.6234000000000057
3,258,0.6232000000000057
3,259,0.6230000000000058
3,260,0.6228000000000058
3,261,0.6226000000000058
3,262,0.6224000000000058
3,263,0.6222000000000059
3,264,0.6220000000000059
3,265,0.6218000000000059
3,266,0.6216000000000059
3,267,0.621400000000006
3,268,0.621200000000006
3,269,0.621000000000006
3,270,0.620800000000006
3,271,0.620600000000006
3,272,0.6204000000000061
3,273,0.6202000000000061
3,274,0.6200000000000061
3,275,0.6198000000000061
3,276,0.6196000000000061
3,277,0.6194000000000062
3,278,0.6192000000000062
3,279,0.6190000000000062
3,280,0.6188000000000062
3,281,0.6186000000000063
3,282,0.6184000000000063
3,283,0.6182000000000063
3,284,0.6180000000000063
3,285,0.6178000000000063
3,286,0.6176000000000064
3,287,0.6174000000000064
3,288,0.6172000000000064
3,289,0.6170000000000064
3,290,0.6168000000000065
3,291,0.6166000000000065
3,292,0.6164000000000065
3,293,0.6162000000000065
3,294,0.6160000000000065
3,295,0.6158000000000066
3,296,0.6156000000000066
3,297,0.6154000000000066
3,298,0.6152000000000066
3,299,0.6150000000000067
3,300,0.6148000000000067
3,301,0.6146000000000067
3,302,0.6144000000000067
3,303,0.6142000000000067
3,304,0.6140000000000068
3,305,0.6138000000000068
3,306,0.6136000000000068
3,307,0.6134000000000068
3,308,0.6132000000000069
3,309,0.6130000000000069
3,310,0.6128000000000069
3,311,0.6126000000000069
3,312,0.6124000000000069
3,313,0.612200000000007
3,314,0.612000000000007
3,315,0.611800000000007
3,316,0.611600000000007
3,317,0.611400000000007
3,318,0.6112000000000071
3,319,0.6110000000000071
3,320,0.6108000000000071
3,321,0.6106000000000071
3,322,0.6104000000000072
3,323,0.6102000000000072
3,324,0.6100000000000072
3,325,0.6098000000000072
3,326,0.6096000000000072
3,327,0.6094000000000073
3,328,0.6092000000000073
3,329,0.6090000000000073
3,330,0.6088000000000073
3,331,0.6086000000000074
3,332,0.6084000000000074
3,333,0.6082000000000074
3,334,0.6080000000000074
3,335,0.6078000000000074
3,336,0.6076000000000075
3,337,0.6074000000000075
3,338,0.6072000000000075
3,339,0.6070000000000075
3,340,0.6068000000000076
3,341,0.6066000000000076
3,342,0.6064000000000076
3,343,0.6062000000000076
3,344,0.6060000000000076
3,345,0.6058000000000077
3,346,0.6056000000000077
3,347,0.6054000000000077
3,348,0.6052000000000077
3,349,0.6050000000000078
3,350,0.6048000000000078
3,351,0.6046000000000078
3,352,0.6044000000000078
3,353,0.6042000000000078
3,354,0.6040000000000079
3,355,0.6038000000000079
3,356,0.6036000000000079
3,357,0.6034000000000079
3,358,0.603200000000008
3,359,0.603000000000008
3,360,0.602800000000008
3,361,0.602600000000008
3,362,0.602400000000008
3,363,0.6022000000000081
3,364,0.6020000000000081
3,365,0.6018000000000081
3,366,0.6016000000000081
3,367,0.6014000000000082
3,368,0.6012000000000082
3,369,0.6010000000000082
3,370,0.6008000000000082
3,371,0.6006000000000082
3,372,0.6004000000000083
3,373,0.6002000000000083
3,374,0.6000000000000083
3,375,0.5998000000000083
3,376,0.5996000000000083
3,377,0.5994000000000084
3,378,0.5992000000000084
3,379,0.5990000000000084
3,380,0.5988000000000084
3,381,0.5986000000000085
3,382,0.5984000000000085
3,383,0.5982000000000085
3,384,0.5980000000000085
3,385,0.5978000000000085
3,386,0.5976000000000086
3,387,0.5974000000000086
3,388,0.5972000000000086
3,389,0.5970000000000086
3,390,0.5968000000000087
3,391,0.5966000000000087
3,392,0.5964000000000087
3,393,0.5962000000000087
3,394,0.5960000000000087
3,395,0.5958000000000088
3,396,0.5956000000000088
3,397,0.5954000000000088
3,398,0.5952000000000088
3,399,0.5950000000000089
3,400,0.5948000000000089
3,401,0.5946000000000089
3,402,0.5944000000000089
3,403,0.5942000000000089
3,404,0.594000000000009
3,405,0.593800000000009
3,406,0.593600000000009
3,407,0.593400000000009
3,408,0.593200000000009
3,409,0.5930000000000091
3,410,0.5928000000000091
3,411,0.5926000000000091
3,412,0.5924000000000091
3,413,0.5922000000000092
3,414,0.5920000000000092
3,415,0.5918000000000092
3,416,0.5916000000000092
3,417,0.5914000000000093
3,418,0.5912000000000093
3,419,0.5910000000000093
3,420,0.5908000000000093
3,421,0.5906000000000093
3,422,0.5904000000000094
3,423,0.5902000000000094
3,424,0.5900000000000094
3,425,0.5898000000000094
3,426,0.5896000000000094
3,427,0.5894000000000095
3,428,0.5892000000000095
3,429,0.5890000000000095
3,430,0.5888000000000095
3,431,0.5886000000000096
3,432,0.5884000000000096
3,433,0.5882000000000096
3,434,0.5880000000000096
3,435,0.5878000000000096
3,436,0.5876000000000097
3,437,0.5874000000000097
3,438,0.5872000000000097
3,439,0.5870000000000097
3,440,0.5868000000000098
3,441,0.5866000000000098
3,442,0.5864000000000098
3,443,0.5862000000000098
3,444,0.5860000000000098
3,445,0.5858000000000099
3,446,0.5856000000000099
3,447,0.5854000000000099
3,448,0.5852000000000099
3,449,0.58500000000001
3,450,0.58480000000001
3,451,0.58460000000001
3,452,0.58440000000001
3,453,0.58420000000001
3,454,0.5840000000000101
3,455,0.5838000000000101
3,456,0.5836000000000101
3,457,0.5834000000000101
3,458,0.5832000000000102
3,459,0.5830000000000102
3,460,0.5828000000000102
3,461,0.5826000000000102
3,462,0.5824000000000102
3,463,0.5822000000000103
3,464,0.5820000000000103
3,465,0.5818000000000103
3,466,0.5816000000000103
3,467,0.5814000000000104
3,468,0.5812000000000104
3,469,0.5810000000000104
3,470,0.5808000000000104
3,471,0.5806000000000104
3,472,0.5804000000000105
3,473,0.5802000000000105
3,474,0.5800000000000105
3,475,0.5798000000000105
3,476,0.5796000000000106
3,477,0.5794000000000106
3,478,0.5792000000000106
3,479,0.5790000000000106
3,480,0.5788000000000106
3,481,0.5786000000000107
3,482,0.5784000000000107
3,483,0.5782000000000107
3,484,0.5780000000000107
3,485,0.5778000000000107
3,486,0.5776000000000108
3,487,0.5774000000000108
3,488,0.5772000000000108
3,489,0.5770000000000108
3,490,0.5768000000000109
3,491,0.5766000000000109
3,492,0.5764000000000109
3,493,0.5762000000000109
3,494,0.576000000000011
3,495,0.575800000000011
3,496,0.575600000000011
3,497,0.575400000000011
3,498,0.575200000000011
3,499,0.5750000000000111
3,500,0.5748000000000111
3,501,0.5746000000000111
3,502,0.5744000000000111
3,503,0.5742000000000111
3,504,0.5740000000000112
3,505,0.5738000000000112
3,506,0.5736000000000112
3,507,0.5734000000000112
3,508,0.5732000000000113
3,509,0.5730000000000113
3,510,0.5728000000000113
3,511,0.5726000000000113
3,512,0.5724000000000113
3,513,0.5722000000000114
3,514,0.5720000000000114
3,515,0.5718000000000114
3,516,0.5716000000000114
3,517,0.5714000000000115
3,518,0.5712000000000115
3,519,0.5710000000000115
3,520,0.5708000000000115
3,521,0.5706000000000115
3,522,0.5704000000000116
3,523,0.5702000000000116
3,524,0.5700000000000116
3,525,0.5698000000000116
3,526,0.5696000000000117
3,527,0.5694000000000117
3,528,0.5692000000000117
3,529,0.5690000000000117
3,530,0.5688000000000117
3,531,0.5686000000000118
3,532,0.5684000000000118
3,533,0.5682000000000118
3,534,0.5680000000000118
3,535,0.5678000000000119
3,536,0.5676000000000119
3,537,0.5674000000000119
3,538,0.5672000000000119
3,539,0.5670000000000119
3,540,0.566800000000012
3,541,0.566600000000012
3,542,0.566400000000012
3,543,0.566200000000012
3,544,0.566000000000012
3,545,0.5658000000000121
3,546,0.5656000000000121
3,547,0.5654000000000121
3,548,0.5652000000000121
3,549,0.5650000000000122
3,550,0.5648000000000122
3,551,0.5646000000000122
3,552,0.5644000000000122
3,553,0.5642000000000122
3,554,0.5640000000000123
3,555,0.5638000000000123
3,556,0.5636000000000123
3,557,0.5634000000000123
3,558,0.5632000000000124
3,559,0.5630000000000124
3,560,0.5628000000000124
3,561,0.5626000000000124
3,562,0.5624000000000124
3,563,0.5622000000000125
3,564,0.5620000000000125
3,565,0.5618000000000125
3,566,0.5616000000000125
3,567,0.5614000000000126
3,568,0.5612000000000126
3,569,0.5610000000000126
4,0,0.8998
4,1,0.8996000000000001
4,2,0.8994000000000001
4,3,0.8992000000000001
4,4,0.8990000000000001
4,5,0.8988000000000002
4,6,0.8986000000000002
4,7,0.8984000000000002
4,8,0.8982000000000002
4,9,0.8980000000000002
4,10,0.8978000000000003
4,11,0.8976000000000003
4,12,0.8974000000000003
4,13,0.8972000000000003
4,14,0.8970000000000004
4,15,0.8968000000000004
4,16,0.8966000000000004
4,17,0.8964000000000004
4,18,0.8962000000000004
4,19,0.8960000000000005
4,20,0.8958000000000005
4,21,0.8956000000000005
4,22,0.8954000000000005
4,23,0.8952000000000006
4,24,0.8950000000000006
4,25,0.8948000000000006
4,26,0.8946000000000006
4,27,0.8944000000000006
4,28,0.8942000000000007
4,29,0.8940000000000007
4,30,0.8938000000000007
4,31,0.8936000000000007
4,32,0.8934000000000007
4,33,0.8932000000000008
4,34,0.8930000000000008
4,35,0.8928000000000008
4,36,0.8926000000000008
4,37,0.8924000000000009
4,38,0.8922000000000009
4,39,0.8920000000000009
4,40,0.8918000000000009
4,41,0.891600000000001
4,42,0.891400000000001
4,43,0.891200000000001
4,44,0.891000000000001
4,45,0.890800000000001
4,46,0.8906000000000011
4,47,0.8904000000000011
4,48,0.8902000000000011
4,49,0.8900000000000011
4,50,0.8898000000000011
4,51,0.8896000000000012
4,52,0.8894000000000012
4,53,0.8892000000000012
4,54,0.8890000000000012
4,55,0.8888000000000013
4,56,0.8886000000000013
4,57,0.8884000000000013
4,58,0.8882000000000013
4,59,0.8880000000000013
4,60,0.8878000000000014
4,61,0.8876000000000014
4,62,0.8874000000000014
4,63,0.8872000000000014
4,64,0.8870000000000015
4,65,0.8868000000000015
4,66,0.8866000000000015
4,67,0.8864000000000015
4,68,0.8862000000000015
4,69,0.8860000000000016
4,70,0.8858000000000016
4,71,0.8856000000000016
4,72,0.8854000000000016
4,73,0.8852000000000017
4,74,0.8850000000000017
4,75,0.8848000000000017
4,76,0.8846000000000017
4,77,0.8844000000000017
4,78,0.8842000000000018
4,79,0.8840000000000018
4,80,0.8838000000000018
4,81,0.8836000000000018
4,82,0.8834000000000019
4,83,0.8832000000000019
4,84,0.8830000000000019
4,85,0.8828000000000019
4,86,0.8826000000000019
4,87,0.882400000000002
4,88,0.882200000000002
4,89,0.882000000000002
4,90,0.881800000000002
4,91,0.881600000000002
4,92,0.8814000000000021
4,93,0.8812000000000021
4,94,0.8810000000000021
4,95,0.8808000000000021
4,96,0.8806000000000022
4,97,0.8804000000000022
4,98,0.8802000000000022
4,99,0.8800000000000022
4,100,0.8798000000000022
4,101,0.8796000000000023
4,102,0.8794000000000023
4,103,0.8792000000000023
4,104,0.8790000000000023
4,105,0.8788000000000024
4,106,0.8786000000000024
4,107,0.8784000000000024
4,108,0.8782000000000024
4,109,0.8780000000000024
4,110,0.8778000000000025
4,111,0.8776000000000025
4,112,0.8774000000000025
4,113,0.8772000000000025
4,114,0.8770000000000026
4,115,0.8768000000000026
4,116,0.8766000000000026
4,117,0.8764000000000026
4,118,0.8762000000000026
4,119,0.8760000000000027
4,120,0.8758000000000027
4,121,0.8756000000000027
4,122,0.8754000000000027
4,123,0.8752000000000028
4,124,0.8750000000000028
4,125,0.8748000000000028
4,126,0.8746000000000028
4,127,0.8744000000000028
4,128,0.8742000000000029
4,129,0.8740000000000029
4,130,0.8738000000000029
4,131,0.8736000000000029
4,132,0.873400000000003
4,133,0.873200000000003
4,134,0.873000000000003
4,135,0.872800000000003
4,136,0.872600000000003
4,137,0.8724000000000031
4,138,0.8722000000000031
4,139,0.8720000000000031
4,140,0.8718000000000031
4,141,0.8716000000000032
4,142,0.8714000000000032
4,143,0.8712000000000032
4,144,0.8710000000000032
4,145,0.8708000000000032
4,146,0.8706000000000033
4,147,0.8704000000000033
4,148,0.8702000000000033
4,149,0.8700000000000033
4,150,0.8698000000000033
4,151,0.8696000000000034
4,152,0.8694000000000034
4,153,0.8692000000000034
4,154,0.8690000000000034
4,155,0.8688000000000035
4,156,0.8686000000000035
4,157,0.8684000000000035
4,158,0.8682000000000035
4,159,0.8680000000000035
4,160,0.8678000000000036
4,161,0.8676000000000036
4,162,0.8674000000000036
4,163,0.8672000000000036
4,164,0.8670000000000037
4,165,0.8668000000000037
4,166,0.8666000000000037
4,167,0.8664000000000037
4,168,0.8662000000000037
4,169,0.8660000000000038
4,170,0.8658000000000038
4,171,0.8656000000000038
4,172,0.8654000000000038
4,173,0.8652000000000039
4,174,0.8650000000000039
4,175,0.8648000000000039
4,176,0.8646000000000039
4,177,0.8644000000000039
4,178,0.864200000000004
4,179,0.864000000000004
4,180,0.863800000000004
4,181,0.863600000000004
4,182,0.863400000000004
4,183,0.8632000000000041
4,184,0.8630000000000041
4,185,0.8628000000000041
4,186,0.8626000000000041
4,187,0.8624000000000042
4,188,0.8622000000000042
4,189,0.8620000000000042
4,190,0.8618000000000042
4,191,0.8616000000000043
4,192,0.8614000000000043
4,193,0.8612000000000043
4,194,0.8610000000000043
4,195,0.8608000000000043
4,196,0.8606000000000044
4,197,0.8604000000000044
4,198,0.8602000000000044
4,199,0.8600000000000044
4,200,0.8598000000000044
4,201,0.8596000000000045
4,202,0.8594000000000045
4,203,0.8592000000000045
4,204,0.8590000000000045
4,205,0.8588000000000046
4,206,0.8586000000000046
4,207,0.8584000000000046
4,208,0.8582000000000046
4,209,0.8580000000000046
4,210,0.8578000000000047
4,211,0.8576000000000047
4,212,0.8574000000000047
4,213,0.8572000000000047
4,214,0.8570000000000048
4,215,0.8568000000000048
4,216,0.8566000000000048
4,217,0.8564000000000048
4,218,0.8562000000000048
4,219,0.8560000000000049
4,220,0.8558000000000049
4,221,0.8556000000000049
4,222,0.8554000000000049
4,223,0.855200000000005
4,224,0.855000000000005
4,225,0.854800000000005
4,226,0.854600000000005
4,227,0.854400000000005
4,228,0.8542000000000051
4,229,0.8540000000000051
4,230,0.8538000000000051
4,231,0.8536000000000051
4,232,0.8534000000000052
4,233,0.8532000000000052
4,234,0.8530000000000052
4,235,0.8528000000000052
4,236,0.8526000000000052
4,237,0.8524000000000053
4,238,0.8522000000000053
4,239,0.8520000000000053
4,240,0.8518000000000053
4,241,0.8516000000000054
4,242,0.8514000000000054
4,243,0.8512000000000054
4,244,0.8510000000000054
4,245,0.8508000000000054
4,246,0.8506000000000055
4,247,0.8504000000000055
4,248,0.8502000000000055
4,249,0.8500000000000055
4,250,0.8498000000000056
4,251,0.8496000000000056
4,252,0.8494000000000056
4,253,0.8492000000000056
4,254,0.8490000000000056
4,255,0.8488000000000057
4,256,0.8486000000000057
4,257,0.8484000000000057
4,258,0.8482000000000057
4,259,0.8480000000000057
4,260,0.8478000000000058
4,261,0.8476000000000058
4,262,0.8474000000000058
4,263,0.8472000000000058
4,264,0.8470000000000059
4,265,0.8468000000000059
4,266,0.8466000000000059
4,267,0.8464000000000059
4,268,0.846200000000006
4,269,0.846000000000006
4,270,0.845800000000006
4,271,0.845600000000006
4,272,0.845400000000006
4,273,0.8452000000000061
4,274,0.8450000000000061
4,275,0.8448000000000061
4,276,0.8446000000000061
4,277,0.8444000000000061
4,278,0.8442000000000062
4,279,0.8440000000000062
4,280,0.8438000000000062
4,281,0.8436000000000062
4,282,0.8434000000000063
4,283,0.8432000000000063
4,284,0.8430000000000063
4,285,0.8428000000000063
4,286,0.8426000000000063
4,287,0.8424000000000064
4,288,0.8422000000000064
4,289,0.8420000000000064
4,290,0.8418000000000064
4,291,0.8416000000000065
4,292,0.8414000000000065
4,293,0.8412000000000065
4,294,0.8410000000000065
4,295,0.8408000000000065
4,296,0.8406000000000066
4,297,0.8404000000000066
4,298,0.8402000000000066
4,299,0.8400000000000066
4,300,0.8398000000000067
4,301,0.8396000000000067
4,302,0.8394000000000067
4,303,0.8392000000000067
4,304,0.8390000000000067
4,305,0.8388000000000068
4,306,0.8386000000000068
4,307,0.8384000000000068
4,308,0.8382000000000068
4,309,0.8380000000000069
4,310,0.8378000000000069
4,311,0.8376000000000069
4,312,0.8374000000000069
4,313,0.8372000000000069
4,314,0.837000000000007
4,315,0.836800000000007
4,316,0.836600000000007
4,317,0.836400000000007
4,318,0.836200000000007
4,319,0.8360000000000071
4,320,0.8358000000000071
4,321,0.8356000000000071
4,322,0.8354000000000071
4,323,0.8352000000000072
4,324,0.8350000000000072
4,325,0.8348000000000072
4,326,0.8346000000000072
4,327,0.8344000000000072
4,328,0.8342000000000073
4,329,0.8340000000000073
4,330,0.8338000000000073
4,331,0.8336000000000073
4,332,0.8334000000000074
4,333,0.8332000000000074
4,334,0.8330000000000074
4,335,0.8328000000000074
4,336,0.8326000000000074
4,337,0.8324000000000075
4,338,0.8322000000000075
4,339,0.8320000000000075
4,340,0.8318000000000075
4,341,0.8316000000000076
4,342,0.8314000000000076
4,343,0.8312000000000076
4,344,0.8310000000000076
4,345,0.8308000000000076
4,346,0.8306000000000077
4,347,0.8304000000000077
4,348,0.8302000000000077
4,349,0.8300000000000077
4,350,0.8298000000000078
4,351,0.8296000000000078
4,352,0.8294000000000078
4,353,0.8292000000000078
4,354,0.8290000000000078
4,355,0.8288000000000079
4,356,0.8286000000000079
4,357,0.8284000000000079
4,358,0.8282000000000079
4,359,0.828000000000008
4,360,0.827800000000008
4,361,0.827600000000008
4,362,0.827400000000008
4,363,0.827200000000008
4,364,0.8270000000000081
4,365,0.8268000000000081
4,366,0.8266000000000081
4,367,0.8264000000000081
4,368,0.8262000000000082
4,369,0.8260000000000082
4,370,0.8258000000000082
4,371,0.8256000000000082
4,372,0.8254000000000082
4,373,0.8252000000000083
4,374,0.8250000000000083
4,375,0.8248000000000083
4,376,0.8246000000000083
4,377,0.8244000000000083
4,378,0.8242000000000084
4,379,0.8240000000000084
4,380,0.8238000000000084
4,381,0.8236000000000084
4,382,0.8234000000000085
4,383,0.8232000000000085
4,384,0.8230000000000085
4,385,0.8228000000000085
4,386,0.8226000000000085
4,387,0.8224000000000086
4,388,0.8222000000000086
4,389,0.8220000000000086
4,390,0.8218000000000086
4,391,0.8216000000000087
4,392,0.8214000000000087
4,393,0.8212000000000087
4,394,0.8210000000000087
4,395,0.8208000000000087
4,396,0.8206000000000088
4,397,0.8204000000000088
4,398,0.8202000000000088
4,399,0.8200000000000088
4,400,0.8198000000000089
4,401,0.8196000000000089
4,402,0.8194000000000089
4,403,0.8192000000000089
4,404,0.8190000000000089
4,405,0.818800000000009
4,406,0.818600000000009
4,407,0.818400000000009
4,408,0.818200000000009
4,409,0.818000000000009
4,410,0.8178000000000091
4,411,0.8176000000000091
4,412,0.8174000000000091
4,413,0.8172000000000091
4,414,0.8170000000000092
4,415,0.8168000000000092
4,416,0.8166000000000092
4,417,0.8164000000000092
4,418,0.8162000000000093
4,419,0.8160000000000093
4,420,0.8158000000000093
4,421,0.8156000000000093
4,422,0.8154000000000093
4,423,0.8152000000000094
4,424,0.8150000000000094
4,425,0.8148000000000094
4,426,0.8146000000000094
4,427,0.8144000000000094
4,428,0.8142000000000095
4,429,0.8140000000000095
4,430,0.8138000000000095
4,431,0.8136000000000095
4,432,0.8134000000000096
4,433,0.8132000000000096
4,434,0.8130000000000096
4,435,0.8128000000000096
4,436,0.8126000000000096
4,437,0.8124000000000097
4,438,0.8122000000000097
4,439,0.8120000000000097
4,440,0.8118000000000097
4,441,0.8116000000000098
4,442,0.8114000000000098
4,443,0.8112000000000098
4,444,0.8110000000000098
4,445,0.8108000000000098
4,446,0.8106000000000099
4,447,0.8104000000000099
4,448,0.8102000000000099
4,449,0.8100000000000099
4,450,0.80980000000001
4,451,0.80960000000001
4,452,0.80940000000001
4,453,0.80920000000001
4,454,0.80900000000001
4,455,0.8088000000000101
4,456,0.8086000000000101
4,457,0.8084000000000101
4,458,0.8082000000000101
4,459,0.8080000000000102
4,460,0.8078000000000102
4,461,0.8076000000000102
4,462,0.8074000000000102
4,463,0.8072000000000102
4,464,0.8070000000000103
4,465,0.8068000000000103
4,466,0.8066000000000103
4,467,0.8064000000000103
4,468,0.8062000000000104
4,469,0.8060000000000104
4,470,0.8058000000000104
4,471,0.8056000000000104
4,472,0.8054000000000104
4,473,0.8052000000000105
4,474,0.8050000000000105
4,475,0.8048000000000105
4,476,0.8046000000000105
4,477,0.8044000000000106
4,478,0.8042000000000106
4,479,0.8040000000000106
4,480,0.8038000000000106
4,481,0.8036000000000106
4,482,0.8034000000000107
4,483,0.8032000000000107
4,484,0.8030000000000107
4,485,0.8028000000000107
4,486,0.8026000000000107
4,487,0.8024000000000108
4,488,0.8022000000000108
4,489,0.8020000000000108
4,490,0.8018000000000108
4,491,0.8016000000000109
4,492,0.8014000000000109
4,493,0.8012000000000109
4,494,0.8010000000000109
4,495,0.800800000000011
4,496,0.800600000000011
4,497,0.800400000000011
4,498,0.800200000000011
4,499,0.800000000000011
4,500,0.7998000000000111
4,501,0.7996000000000111
4,502,0.7994000000000111
4,503,0.7992000000000111
4,504,0.7990000000000111
4,505,0.7988000000000112
4,506,0.7986000000000112
4,507,0.7984000000000112
4,508,0.7982000000000112
4,509,0.7980000000000113
4,510,0.7978000000000113
4,511,0.7976000000000113
4,512,0.7974000000000113
4,513,0.7972000000000113
4,514,0.7970000000000114
4,515,0.7968000000000114
4,516,0.7966000000000114
4,517,0.7964000000000114
4,518,0.7962000000000115
4,519,0.7960000000000115
4,520,0.7958000000000115
4,521,0.7956000000000115
4,522,0.7954000000000115
4,523,0.7952000000000116
4,524,0.7950000000000116
4,525,0.7948000000000116
4,526,0.7946000000000116
4,527,0.7944000000000117
4,528,0.7942000000000117
4,529,0.7940000000000117
4,530,0.7938000000000117
4,531,0.7936000000000117
4,532,0.7934000000000118
4,533,0.7932000000000118
4,534,0.7930000000000118
4,535,0.7928000000000118
4,536,0.7926000000000119
4,537,0.7924000000000119
4,538,0.7922000000000119
4,539,0.7920000000000119
4,540,0.7918000000000119
4,541,0.791600000000012
4,542,0.791400000000012
4,543,0.791200000000012
4,544,0.791000000000012
4,545,0.790800000000012
4,546,0.7906000000000121
4,547,0.7904000000000121
4,548,0.7902000000000121
4,549,0.7900000000000121
4,550,0.7898000000000122
4,551,0.7896000000000122
4,552,0.7894000000000122
4,553,0.7892000000000122
4,554,0.7890000000000122
4,555,0.7888000000000123
4,556,0.7886000000000123
4,557,0.7884000000000123
4,558,0.7882000000000123
4,559,0.7880000000000124
4,560,0.7878000000000124
4,561,0.7876000000000124
4,562,0.7874000000000124
4,563,0.7872000000000124
4,564,0.7870000000000125
4,565,0.7868000000000125
4,566,0.7866000000000125
4,567,0.7864000000000125
4,568,0.7862000000000126
4,569,0.7860000000000126
5,0,0.7248
5,1,0.7246
5,2,0.7244
5,3,0.7242000000000001
5,4,0.7240000000000001
5,5,0.7238000000000001
5,6,0.7236000000000001
5,7,0.7234000000000002
5,8,0.7232000000000002
5,9,0.7230000000000002
5,10,0.7228000000000002
5,11,0.7226000000000002
5,12,0.7224000000000003
5,13,0.7222000000000003
5,14,0.7220000000000003
5,15,0.7218000000000003
5,16,0.7216000000000004
5,17,0.7214000000000004
5,18,0.7212000000000004
5,19,0.7210000000000004
5,20,0.7208000000000004
5,21,0.7206000000000005
5,22,0.7204000000000005
5,23,0.7202000000000005
5,24,0.7200000000000005
5,25,0.7198000000000006
5,26,0.7196000000000006
5,27,0.7194000000000006
5,28,0.7192000000000006
5,29,0.7190000000000006
5,30,0.7188000000000007
5,31,0.7186000000000007
5,32,0.7184000000000007
5,33,0.7182000000000007
5,34,0.7180000000000007
5,35,0.7178000000000008
5,36,0.7176000000000008
5,37,0.7174000000000008
5,38,0.7172000000000008
5,39,0.7170000000000009
5,40,0.7168000000000009
5,41,0.7166000000000009
5,42,0.7164000000000009
5,43,0.716200000000001
5,44,0.716000000000001
5,45,0.715800000000001
5,46,0.715600000000001
5,47,0.715400000000001
5,48,0.7152000000000011
5,49,0.7150000000000011
5,50,0.7148000000000011
5,51,0.7146000000000011
5,52,0.7144000000000011
5,53,0.7142000000000012
5,54,0.7140000000000012
5,55,0.7138000000000012
5,56,0.7136000000000012
5,57,0.7134000000000013
5,58,0.7132000000000013
5,59,0.7130000000000013
5,60,0.7128000000000013
5,61,0.7126000000000013
5,62,0.7124000000000014
5,63,0.7122000000000014
5,64,0.7120000000000014
5,65,0.7118000000000014
5,66,0.7116000000000015
5,67,0.7114000000000015
5,68,0.7112000000000015
5,69,0.7110000000000015
5,70,0.7108000000000015
5,71,0.7106000000000016
5,72,0.7104000000000016
5,73,0.7102000000000016
5,74,0.7100000000000016
5,75,0.7098000000000017
5,76,0.7096000000000017
5,77,0.7094000000000017
5,78,0.7092000000000017
5,79,0.7090000000000017
5,80,0.7088000000000018
5,81,0.7086000000000018
5,82,0.7084000000000018
5,83,0.7082000000000018
5,84,0.7080000000000019
5,85,0.7078000000000019
5,86,0.7076000000000019
5,87,0.7074000000000019
5,88,0.7072000000000019
5,89,0.707000000000002
5,90,0.706800000000002
5,91,0.706600000000002
5,92,0.706400000000002
5,93,0.706200000000002
5,94,0.7060000000000021
5,95,0.7058000000000021
5,96,0.7056000000000021
5,97,0.7054000000000021
5,98,0.7052000000000022
5,99,0.7050000000000022
5,100,0.7048000000000022
5,101,0.7046000000000022
5,102,0.7044000000000022
5,103,0.7042000000000023
5,104,0.7040000000000023
5,105,0.7038000000000023
5,106,0.7036000000000023
5,107,0.7034000000000024
5,108,0.7032000000000024
5,109,0.7030000000000024
5,110,0.7028000000000024
5,111,0.7026000000000024
5,112,0.7024000000000025
5,113,0.7022000000000025
5,114,0.7020000000000025
5,115,0.7018000000000025
5,116,0.7016000000000026
5,117,0.7014000000000026
5,118,0.7012000000000026
5,119,0.7010000000000026
5,120,0.7008000000000026
5,121,0.7006000000000027
5,122,0.7004000000000027
5,123,0.7002000000000027
5,124,0.7000000000000027
5,125,0.6998000000000028
5,126,0.6996000000000028
5,127,0.6994000000000028
5,128,0.6992000000000028
5,129,0.6990000000000028
5,130,0.6988000000000029
5,131,0.6986000000000029
5,132,0.6984000000000029
5,133,0.6982000000000029
5,134,0.698000000000003
5,135,0.697800000000003
5,136,0.697600000000003
5,137,0.697400000000003
5,138,0.697200000000003
5,139,0.6970000000000031
5,140,0.6968000000000031
5,141,0.6966000000000031
5,142,0.6964000000000031
5,143,0.6962000000000031
5,144,0.6960000000000032
5,145,0.6958000000000032
5,146,0.6956000000000032
5,147,0.6954000000000032
5,148,0.6952000000000033
5,149,0.6950000000000033
5,150,0.6948000000000033
5,151,0.6946000000000033
5,152,0.6944000000000033
5,153,0.6942000000000034
5,154,0.6940000000000034
5,155,0.6938000000000034
5,156,0.6936000000000034
5,157,0.6934000000000035
5,158,0.6932000000000035
5,159,0.6930000000000035
5,160,0.6928000000000035
5,161,0.6926000000000035
5,162,0.6924000000000036
5,163,0.6922000000000036
5,164,0.6920000000000036
5,165,0.6918000000000036
5,166,0.6916000000000037
5,167,0.6914000000000037
5,168,0.6912000000000037
5,169,0.6910000000000037
5,170,0.6908000000000037
5,171,0.6906000000000038
5,172,0.6904000000000038
5,173,0.6902000000000038
5,174,0.6900000000000038
5,175,0.6898000000000039
5,176,0.6896000000000039
5,177,0.6894000000000039
5,178,0.6892000000000039
5,179,0.6890000000000039
5,180,0.688800000000004
5,181,0.688600000000004
5,182,0.688400000000004
5,183,0.688200000000004
5,184,0.688000000000004
5,185,0.6878000000000041
5,186,0.6876000000000041
5,187,0.6874000000000041
5,188,0.6872000000000041
5,189,0.6870000000000042
5,190,0.6868000000000042
5,191,0.6866000000000042
5,192,0.6864000000000042
5,193,0.6862000000000043
5,194,0.6860000000000043
5,195,0.6858000000000043
5,196,0.6856000000000043
5,197,0.6854000000000043
5,198,0.6852000000000044
5,199,0.6850000000000044
5,200,0.6848000000000044
5,201,0.6846000000000044
5,202,0.6844000000000044
5,203,0.6842000000000045
5,204,0.6840000000000045
5,205,0.6838000000000045
5,206,0.6836000000000045
5,207,0.6834000000000046
5,208,0.6832000000000046
5,209,0.6830000000000046
5,210,0.6828000000000046
5,211,0.6826000000000046
5,212,0.6824000000000047
5,213,0.6822000000000047
5,214,0.6820000000000047
5,215,0.6818000000000047
5,216,0.6816000000000048
5,217,0.6814000000000048
5,218,0.6812000000000048
5,219,0.6810000000000048
5,220,0.6808000000000048
5,221,0.6806000000000049
5,222,0.6804000000000049
5,223,0.6802000000000049
5,224,0.6800000000000049
5,225,0.679800000000005
5,226,0.679600000000005
5,227,0.679400000000005
5,228,0.679200000000005
5,229,0.679000000000005
5,230,0.6788000000000051
5,231,0.6786000000000051
5,232,0.6784000000000051
5,233,0.6782000000000051
5,234,0.6780000000000052
5,235,0.6778000000000052
5,236,0.6776000000000052
5,237,0.6774000000000052
5,238,0.6772000000000052
5,239,0.6770000000000053
5,240,0.6768000000000053
5,241,0.6766000000000053
5,242,0.6764000000000053
5,243,0.6762000000000054
5,244,0.6760000000000054
5,245,0.6758000000000054
5,246,0.6756000000000054
5,247,0.6754000000000054
5,248,0.6752000000000055
5,249,0.6750000000000055
5,250,0.6748000000000055
5,251,0.6746000000000055
5,252,0.6744000000000056
5,253,0.6742000000000056
5,254,0.6740000000000056
5,255,0.6738000000000056
5,256,0.6736000000000056
5,257,0.6734000000000057
5,258,0.6732000000000057
5,259,0.6730000000000057
5,260,0.6728000000000057
5,261,0.6726000000000057
5,262,0.6724000000000058
5,263,0.6722000000000058
5,264,0.6720000000000058
5,265,0.6718000000000058
5,266,0.6716000000000059
5,267,0.6714000000000059
5,268,0.6712000000000059
5,269,0.6710000000000059
5,270,0.670800000000006
5,271,0.670600000000006
5,272,0.670400000000006
5,273,0.670200000000006
5,274,0.670000000000006
5,275,0.6698000000000061
5,276,0.6696000000000061
5,277,0.6694000000000061
5,278,0.6692000000000061
5,279,0.6690000000000061
5,280,0.6688000000000062
5,281,0.6686000000000062
5,282,0.6684000000000062
5,283,0.6682000000000062
5,284,0.6680000000000063
5,285,0.6678000000000063
5,286,0.6676000000000063
5,287,0.6674000000000063
5,288,0.6672000000000063
5,289,0.6670000000000064
5,290,0.6668000000000064
5,291,0.6666000000000064
5,292,0.6664000000000064
5,293,0.6662000000000065
5,294,0.6660000000000065
5,295,0.6658000000000065
5,296,0.6656000000000065
5,297,0.6654000000000065
5,298,0.6652000000000066
5,299,0.6650000000000066
5,300,0.6648000000000066
5,301,0.6646000000000066
5,302,0.6644000000000067
5,303,0.6642000000000067
5,304,0.6640000000000067
5,305,0.6638000000000067
5,306,0.6636000000000067
5,307,0.6634000000000068
5,308,0.6632000000000068
5,309,0.6630000000000068
5,310,0.6628000000000068
5,311,0.6626000000000069
5,312,0.6624000000000069
5,313,0.6622000000000069
5,314,0.6620000000000069
5,315,0.6618000000000069
5,316,0.661600000000007
5,317,0.661400000000007
5,318,0.661200000000007
5,319,0.661000000000007
5,320,0.660800000000007
5,321,0.6606000000000071
5,322,0.6604000000000071
5,323,0.6602000000000071
5,324,0.6600000000000071
5,325,0.6598000000000072
5,326,0.6596000000000072
5,327,0.6594000000000072
5,328,0.6592000000000072
5,329,0.6590000000000072
5,330,0.6588000000000073
5,331,0.6586000000000073
5,332,0.6584000000000073
5,333,0.6582000000000073
5,334,0.6580000000000074
5,335,0.6578000000000074
5,336,0.6576000000000074
5,337,0.6574000000000074
5,338,0.6572000000000074
5,339,0.6570000000000075
5,340,0.6568000000000075
5,341,0.6566000000000075
5,342,0.6564000000000075
5,343,0.6562000000000076
5,344,0.6560000000000076
5,345,0.6558000000000076
5,346,0.6556000000000076
5,347,0.6554000000000076
5,348,0.6552000000000077
5,349,0.6550000000000077
5,350,0.6548000000000077
5,351,0.6546000000000077
5,352,0.6544000000000078
5,353,0.6542000000000078
5,354,0.6540000000000078
5,355,0.6538000000000078
5,356,0.6536000000000078
5,357,0.6534000000000079
5,358,0.6532000000000079
5,359,0.6530000000000079
5,360,0.6528000000000079
5,361,0.652600000000008
5,362,0.652400000000008
5,363,0.652200000000008
5,364,0.652000000000008
5,365,0.651800000000008
5,366,0.6516000000000081
5,367,0.6514000000000081
5,368,0.6512000000000081
5,369,0.6510000000000081
5,370,0.6508000000000081
5,371,0.6506000000000082
5,372,0.6504000000000082
5,373,0.6502000000000082
5,374,0.6500000000000082
5,375,0.6498000000000083
5,376,0.6496000000000083
5,377,0.6494000000000083
5,378,0.6492000000000083
5,379,0.6490000000000083
5,380,0.6488000000000084
5,381,0.6486000000000084
5,382,0.6484000000000084
5,383,0.6482000000000084
5,384,0.6480000000000085
5,385,0.6478000000000085
5,386,0.6476000000000085
5,387,0.6474000000000085
5,388,0.6472000000000085
5,389,0.6470000000000086
5,390,0.6468000000000086
5,391,0.6466000000000086
5,392,0.6464000000000086
5,393,0.6462000000000087
5,394,0.6460000000000087
5,395,0.6458000000000087
5,396,0.6456000000000087
5,397,0.6454000000000087
5,398,0.6452000000000088
5,399,0.6450000000000088
5,400,0.6448000000000088
5,401,0.6446000000000088
5,402,0.6444000000000089
5,403,0.6442000000000089
5,404,0.6440000000000089
5,405,0.6438000000000089
5,406,0.6436000000000089
5,407,0.643400000000009
5,408,0.643200000000009
5,409,0.643000000000009
5,410,0.642800000000009
5,411,0.642600000000009
5,412,0.6424000000000091
5,413,0.6422000000000091
5,414,0.6420000000000091
5,415,0.6418000000000091
5,416,0.6416000000000092
5,417,0.6414000000000092
5,418,0.6412000000000092
5,419,0.6410000000000092
5,420,0.6408000000000093
5,421,0.6406000000000093
5,422,0.6404000000000093
5,423,0.6402000000000093
5,424,0.6400000000000093
5,425,0.6398000000000094
5,426,0.6396000000000094
5,427,0.6394000000000094
5,428,0.6392000000000094
5,429,0.6390000000000094
5,430,0.6388000000000095
5,431,0.6386000000000095
5,432,0.6384000000000095
5,433,0.6382000000000095
5,434,0.6380000000000096
5,435,0.6378000000000096
5,436,0.6376000000000096
5,437,0.6374000000000096
5,438,0.6372000000000096
5,439,0.6370000000000097
5,440,0.6368000000000097
5,441,0.6366000000000097
5,442,0.6364000000000097
5,443,0.6362000000000098
5,444,0.6360000000000098
5,445,0.6358000000000098
5,446,0.6356000000000098
5,447,0.6354000000000098
5,448,0.6352000000000099
5,449,0.6350000000000099
5,450,0.6348000000000099
5,451,0.6346000000000099
5,452,0.63440000000001
5,453,0.63420000000001
5,454,0.63400000000001
5,455,0.63380000000001
5,456,0.63360000000001
5,457,0.6334000000000101
5,458,0.6332000000000101
5,459,0.6330000000000101
5,460,0.6328000000000101
5,461,0.6326000000000102
5,462,0.6324000000000102
5,463,0.6322000000000102
5,464,0.6320000000000102
5,465,0.6318000000000102
5,466,0.6316000000000103
5,467,0.6314000000000103
5,468,0.6312000000000103
5,469,0.6310000000000103
5,470,0.6308000000000104
5,471,0.6306000000000104
5,472,0.6304000000000104
5,473,0.6302000000000104
5,474,0.6300000000000104
5,475,0.6298000000000105
5,476,0.6296000000000105
5,477,0.6294000000000105
5,478,0.6292000000000105
5,479,0.6290000000000106
5,480,0.6288000000000106
5,481,0.6286000000000106
5,482,0.6284000000000106
5,483,0.6282000000000106
5,484,0.6280000000000107
5,485,0.6278000000000107
5,486,0.6276000000000107
5,487,0.6274000000000107
5,488,0.6272000000000107
5,489,0.6270000000000108
5,490,0.6268000000000108
5,491,0.6266000000000108
5,492,0.6264000000000108
5,493,0.6262000000000109
5,494,0.6260000000000109
5,495,0.6258000000000109
5,496,0.6256000000000109
5,497,0.625400000000011
5,498,0.625200000000011
5,499,0.625000000000011
5,500,0.624800000000011
5,501,0.624600000000011
5,502,0.6244000000000111
5,503,0.6242000000000111
5,504,0.6240000000000111
5,505,0.6238000000000111
5,506,0.6236000000000111
5,507,0.6234000000000112
5,508,0.6232000000000112
5,509,0.6230000000000112
5,510,0.6228000000000112
5,511,0.6226000000000113
5,512,0.6224000000000113
5,513,0.6222000000000113
5,514,0.6220000000000113
5,515,0.6218000000000113
5,516,0.6216000000000114
5,517,0.6214000000000114
5,518,0.6212000000000114
5,519,0.6210000000000114
5,520,0.6208000000000115
5,521,0.6206000000000115
5,522,0.6204000000000115
5,523,0.6202000000000115
5,524,0.6200000000000115
5,525,0.6198000000000116
5,526,0.6196000000000116
5,527,0.6194000000000116
5,528,0.6192000000000116
5,529,0.6190000000000117
5,530,0.6188000000000117
5,531,0.6186000000000117
5,532,0.6184000000000117
5,533,0.6182000000000117
5,534,0.6180000000000118
5,535,0.6178000000000118
5,536,0.6176000000000118
5,537,0.6174000000000118
5,538,0.6172000000000119
5,539,0.6170000000000119
5,540,0.6168000000000119
5,541,0.6166000000000119
5,542,0.6164000000000119
5,543,0.616200000000012
5,544,0.616000000000012
5,545,0.615800000000012
5,546,0.615600000000012
5,547,0.615400000000012
5,548,0.6152000000000121
5,549,0.6150000000000121
5,550,0.6148000000000121
5,551,0.6146000000000121
5,552,0.6144000000000122
5,553,0.6142000000000122
5,554,0.6140000000000122
5,555,0.6138000000000122
5,556,0.6136000000000122
5,557,0.6134000000000123
5,558,0.6132000000000123
5,559,0.6130000000000123
5,560,0.6128000000000123
5,561,0.6126000000000124
5,562,0.6124000000000124
5,563,0.6122000000000124
5,564,0.6120000000000124
5,565,0.6118000000000124
5,566,0.6116000000000125
5,567,0.6114000000000125
5,568,0.6112000000000125
5,569,0.6110000000000125
6,0,0.7498
6,1,0.7496
6,2,0.7494000000000001
6,3,0.7492000000000001
6,4,0.7490000000000001
6,5,0.7488000000000001
6,6,0.7486000000000002
6,7,0.7484000000000002
6,8,0.7482000000000002
6,9,0.7480000000000002
6,10,0.7478000000000002
6,11,0.7476000000000003
6,12,0.7474000000000003
6,13,0.7472000000000003
6,14,0.7470000000000003
6,15,0.7468000000000004
6,16,0.7466000000000004
6,17,0.7464000000000004
6,18,0.7462000000000004
6,19,0.7460000000000004
6,20,0.7458000000000005
6,21,0.7456000000000005
6,22,0.7454000000000005
6,23,0.7452000000000005
6,24,0.7450000000000006
6,25,0.7448000000000006
6,26,0.7446000000000006
6,27,0.7444000000000006
6,28,0.7442000000000006
6,29,0.7440000000000007
6,30,0.7438000000000007
6,31,0.7436000000000007
6,32,0.7434000000000007
6,33,0.7432000000000007
6,34,0.7430000000000008
6,35,0.7428000000000008
6,36,0.7426000000000008
6,37,0.7424000000000008
6,38,0.7422000000000009
6,39,0.7420000000000009
6,40,0.7418000000000009
6,41,0.7416000000000009
6,42,0.741400000000001
6,43,0.741200000000001
6,44,0.741000000000001
6,45,0.740800000000001
6,46,0.740600000000001
6,47,0.7404000000000011
6,48,0.7402000000000011
6,49,0.7400000000000011
6,50,0.7398000000000011
6,51,0.7396000000000011
6,52,0.7394000000000012
6,53,0.7392000000000012
6,54,0.7390000000000012
6,55,0.7388000000000012
6,56,0.7386000000000013
6,57,0.7384000000000013
6,58,0.7382000000000013
6,59,0.7380000000000013
6,60,0.7378000000000013
6,61,0.7376000000000014
6,62,0.7374000000000014
6,63,0.7372000000000014
6,64,0.7370000000000014
6,65,0.7368000000000015
6,66,0.7366000000000015
6,67,0.7364000000000015
6,68,0.7362000000000015
6,69,0.7360000000000015
6,70,0.7358000000000016
6,71,0.7356000000000016
6,72,0.7354000000000016
6,73,0.7352000000000016
6,74,0.7350000000000017
6,75,0.7348000000000017
6,76,0.7346000000000017
6,77,0.7344000000000017
6,78,0.7342000000000017
6,79,0.7340000000000018
6,80,0.7338000000000018
6,81,0.7336000000000018
6,82,0.7334000000000018
6,83,0.7332000000000019
6,84,0.7330000000000019
6,85,0.7328000000000019
6,86,0.7326000000000019
6,87,0.7324000000000019
6,88,0.732200000000002
6,89,0.732000000000002
6,90,0.731800000000002
6,91,0.731600000000002
6,92,0.731400000000002
6,93,0.7312000000000021
6,94,0.7310000000000021
6,95,0.7308000000000021
6,96,0.7306000000000021
6,97,0.7304000000000022
6,98,0.7302000000000022
6,99,0.7300000000000022
6,100,0.7298000000000022
6,101,0.7296000000000022
6,102,0.7294000000000023
6,103,0.7292000000000023
6,104,0.7290000000000023
6,105,0.7288000000000023
6,106,0.7286000000000024
6,107,0.7284000000000024
6,108,0.7282000000000024
6,109,0.7280000000000024
6,110,0.7278000000000024
6,111,0.7276000000000025
6,112,0.7274000000000025
6,113,0.7272000000000025
6,114,0.7270000000000025
6,115,0.7268000000000026
6,116,0.7266000000000026
6,117,0.7264000000000026
6,118,0.7262000000000026
6,119,0.7260000000000026
6,120,0.7258000000000027
6,121,0.7256000000000027
6,122,0.7254000000000027
6,123,0.7252000000000027
6,124,0.7250000000000028
6,125,0.7248000000000028
6,126,0.7246000000000028
6,127,0.7244000000000028
6,128,0.7242000000000028
6,129,0.7240000000000029
6,130,0.7238000000000029
6,131,0.7236000000000029
6,132,0.7234000000000029
6,133,0.723200000000003
6,134,0.723000000000003
6,135,0.722800000000003
6,136,0.722600000000003
6,137,0.722400000000003
6,138,0.7222000000000031
6,139,0.7220000000000031
6,140,0.7218000000000031
6,141,0.7216000000000031
6,142,0.7214000000000031
6,143,0.7212000000000032
6,144,0.7210000000000032
6,145,0.7208000000000032
6,146,0.7206000000000032
6,147,0.7204000000000033
6,148,0.7202000000000033
6,149,0.7200000000000033
6,150,0.7198000000000033
6,151,0.7196000000000033
6,152,0.7194000000000034
6,153,0.7192000000000034
6,154,0.7190000000000034
6,155,0.7188000000000034
6,156,0.7186000000000035
6,157,0.7184000000000035
6,158,0.7182000000000035
6,159,0.7180000000000035
6,160,0.7178000000000035
6,161,0.7176000000000036
6,162,0.7174000000000036
6,163,0.7172000000000036
6,164,0.7170000000000036
6,165,0.7168000000000037
6,166,0.7166000000000037
6,167,0.7164000000000037
6,168,0.7162000000000037
6,169,0.7160000000000037
6,170,0.7158000000000038
6,171,0.7156000000000038
6,172,0.7154000000000038
6,173,0.7152000000000038
6,174,0.7150000000000039
6,175,0.7148000000000039
6,176,0.7146000000000039
6,177,0.7144000000000039
6,178,0.7142000000000039
6,179,0.714000000000004
6,180,0.713800000000004
6,181,0.713600000000004
6,182,0.713400000000004
6,183,0.713200000000004
6,184,0.7130000000000041
6,185,0.7128000000000041
6,186,0.7126000000000041
6,187,0.7124000000000041
6,188,0.7122000000000042
6,189,0.7120000000000042
6,190,0.7118000000000042
6,191,0.7116000000000042
6,192,0.7114000000000043
6,193,0.7112000000000043
6,194,0.7110000000000043
6,195,0.7108000000000043
6,196,0.7106000000000043
6,197,0.7104000000000044
6,198,0.7102000000000044
6,199,0.7100000000000044
6,200,0.7098000000000044
6,201,0.7096000000000044
6,202,0.7094000000000045
6,203,0.7092000000000045
6,204,0.7090000000000045
6,205,0.7088000000000045
6,206,0.7086000000000046
6,207,0.7084000000000046
6,208,0.7082000000000046
6,209,0.7080000000000046
6,210,0.7078000000000046
6,211,0.7076000000000047
6,212,0.7074000000000047
6,213,0.7072000000000047
6,214,0.7070000000000047
6,215,0.7068000000000048
6,216,0.7066000000000048
6,217,0.7064000000000048
6,218,0.7062000000000048
6,219,0.7060000000000048
6,220,0.7058000000000049
6,221,0.7056000000000049
6,222,0.7054000000000049
6,223,0.7052000000000049
6,224,0.705000000000005
6,225,0.704800000000005
6,226,0.704600000000005
6,227,0.704400000000005
6,228,0.704200000000005
6,229,0.7040000000000051
6,230,0.7038000000000051
6,231,0.7036000000000051
6,232,0.7034000000000051
6,233,0.7032000000000052
6,234,0.7030000000000052
6,235,0.7028000000000052
6,236,0.7026000000000052
6,237,0.7024000000000052
6,238,0.7022000000000053
6,239,0.7020000000000053
6,240,0.7018000000000053
6,241,0.7016000000000053
6,242,0.7014000000000054
6,243,0.7012000000000054
6,244,0.7010000000000054
6,245,0.7008000000000054
6,246,0.7006000000000054
6,247,0.7004000000000055
6,248,0.7002000000000055
6,249,0.7000000000000055
6,250,0.6998000000000055
6,251,0.6996000000000056
6,252,0.6994000000000056
6,253,0.6992000000000056
6,254,0.6990000000000056
6,255,0.6988000000000056
6,256,0.6986000000000057
6,257,0.6984000000000057
6,258,0.6982000000000057
6,259,0.6980000000000057
6,260,0.6978000000000057
6,261,0.6976000000000058
6,262,0.6974000000000058
6,263,0.6972000000000058
6,264,0.6970000000000058
6,265,0.6968000000000059
6,266,0.6966000000000059
6,267,0.6964000000000059
6,268,0.6962000000000059
6,269,0.696000000000006
6,270,0.695800000000006
6,271,0.695600000000006
6,272,0.695400000000006
6,273,0.695200000000006
6,274,0.6950000000000061
6,275,0.6948000000000061
6,276,0.6946000000000061
6,277,0.6944000000000061
6,278,0.6942000000000061
6,279,0.6940000000000062
6,280,0.6938000000000062
6,281,0.6936000000000062
6,282,0.6934000000000062
6,283,0.6932000000000063
6,284,0.6930000000000063
6,285,0.6928000000000063
6,286,0.6926000000000063
6,287,0.6924000000000063
6,288,0.6922000000000064
6,289,0.6920000000000064
6,290,0.6918000000000064
6,291,0.6916000000000064
6,292,0.6914000000000065
6,293,0.6912000000000065
6,294,0.6910000000000065
6,295,0.6908000000000065
6,296,0.6906000000000065
6,297,0.6904000000000066
6,298,0.6902000000000066
6,299,0.6900000000000066
6,300,0.6898000000000066
6,301,0.6896000000000067
6,302,0.6894000000000067
6,303,0.6892000000000067
6,304,0.6890000000000067
6,305,0.6888000000000067
6,306,0.6886000000000068
6,307,0.6884000000000068
6,308,0.6882000000000068
6,309,0.6880000000000068
6,310,0.6878000000000069
6,311,0.6876000000000069
6,312,0.6874000000000069
6,313,0.6872000000000069
6,314,0.6870000000000069
6,315,0.686800000000007
6,316,0.686600000000007
6,317,0.686400000000007
6,318,0.686200000000007
6,319,0.686000000000007
6,320,0.6858000000000071
6,321,0.6856000000000071
6,322,0.6854000000000071
6,323,0.6852000000000071
6,324,0.6850000000000072
6,325,0.6848000000000072
6,326,0.6846000000000072
6,327,0.6844000000000072
6,328,0.6842000000000072
6,329,0.6840000000000073
6,330,0.6838000000000073
6,331,0.6836000000000073
6,332,0.6834000000000073
6,333,0.6832000000000074
6,334,0.6830000000000074
6,335,0.6828000000000074
6,336,0.6826000000000074
6,337,0.6824000000000074
6,338,0.6822000000000075
6,339,0.6820000000000075
6,340,0.6818000000000075
6,341,0.6816000000000075
6,342,0.6814000000000076
6,343,0.6812000000000076
6,344,0.6810000000000076
6,345,0.6808000000000076
6,346,0.6806000000000076
6,347,0.6804000000000077
6,348,0.6802000000000077
6,349,0.6800000000000077
6,350,0.6798000000000077
6,351,0.6796000000000078
6,352,0.6794000000000078
6,353,0.6792000000000078
6,354,0.6790000000000078
6,355,0.6788000000000078
6,356,0.6786000000000079
6,357,0.6784000000000079
6,358,0.6782000000000079
6,359,0.6780000000000079
6,360,0.677800000000008
6,361,0.677600000000008
6,362,0.677400000000008
6,363,0.677200000000008
6,364,0.677000000000008
6,365,0.6768000000000081
6,366,0.6766000000000081
6,367,0.6764000000000081
6,368,0.6762000000000081
6,369,0.6760000000000081
6,370,0.6758000000000082
6,371,0.6756000000000082
6,372,0.6754000000000082
6,373,0.6752000000000082
6,374,0.6750000000000083
6,375,0.6748000000000083
6,376,0.6746000000000083
6,377,0.6744000000000083
6,378,0.6742000000000083
6,379,0.6740000000000084
6,380,0.6738000000000084
6,381,0.6736000000000084
6,382,0.6734000000000084
6,383,0.6732000000000085
6,384,0.6730000000000085
6,385,0.6728000000000085
6,386,0.6726000000000085
6,387,0.6724000000000085
6,388,0.6722000000000086
6,389,0.6720000000000086
6,390,0.6718000000000086
6,391,0.6716000000000086
6,392,0.6714000000000087
6,393,0.6712000000000087
6,394,0.6710000000000087
6,395,0.6708000000000087
6,396,0.6706000000000087
6,397,0.6704000000000088
6,398,0.6702000000000088
6,399,0.6700000000000088
6,400,0.6698000000000088
6,401,0.6696000000000089
6,402,0.6694000000000089
6,403,0.6692000000000089
6,404,0.6690000000000089
6,405,0.6688000000000089
6,406,0.668600000000009
6,407,0.668400000000009
6,408,0.668200000000009
6,409,0.668000000000009
6,410,0.667800000000009
6,411,0.6676000000000091
6,412,0.6674000000000091
6,413,0.6672000000000091
6,414,0.6670000000000091
6,415,0.6668000000000092
6,416,0.6666000000000092
6,417,0.6664000000000092
6,418,0.6662000000000092
6,419,0.6660000000000093
6,420,0.6658000000000093
6,421,0.6656000000000093
6,422,0.6654000000000093
6,423,0.6652000000000093
6,424,0.6650000000000094
6,425,0.6648000000000094
6,426,0.6646000000000094
6,427,0.6644000000000094
6,428,0.6642000000000094
6,429,0.6640000000000095
6,430,0.6638000000000095
6,431,0.6636000000000095
6,432,0.6634000000000095
6,433,0.6632000000000096
6,434,0.6630000000000096
6,435,0.6628000000000096
6,436,0.6626000000000096
6,437,0.6624000000000096
6,438,0.6622000000000097
6,439,0.6620000000000097
6,440,0.6618000000000097
6,441,0.6616000000000097
6,442,0.6614000000000098
6,443,0.6612000000000098
6,444,0.6610000000000098
6,445,0.6608000000000098
6,446,0.6606000000000098
6,447,0.6604000000000099
6,448,0.6602000000000099
6,449,0.6600000000000099
6,450,0.6598000000000099
6,451,0.65960000000001
6,452,0.65940000000001
6,453,0.65920000000001
6,454,0.65900000000001
6,455,0.65880000000001
6,456,0.6586000000000101
6,457,0.6584000000000101
6,458,0.6582000000000101
6,459,0.6580000000000101
6,460,0.6578000000000102
6,461,0.6576000000000102
6,462,0.6574000000000102
6,463,0.6572000000000102
6,464,0.6570000000000102
6,465,0.6568000000000103
6,466,0.6566000000000103
6,467,0.6564000000000103
6,468,0.6562000000000103
6,469,0.6560000000000104
6,470,0.6558000000000104
6,471,0.6556000000000104
6,472,0.6554000000000104
6,473,0.6552000000000104
6,474,0.6550000000000105
6,475,0.6548000000000105
6,476,0.6546000000000105
6,477,0.6544000000000105
6,478,0.6542000000000106
6,479,0.6540000000000106
6,480,0.6538000000000106
6,481,0.6536000000000106
6,482,0.6534000000000106
6,483,0.6532000000000107
6,484,0.6530000000000107
6,485,0.6528000000000107
6,486,0.6526000000000107
6,487,0.6524000000000107
6,488,0.6522000000000108
6,489,0.6520000000000108
6,490,0.6518000000000108
6,491,0.6516000000000108
6,492,0.6514000000000109
6,493,0.6512000000000109
6,494,0.6510000000000109
6,495,0.6508000000000109
6,496,0.650600000000011
6,497,0.650400000000011
6,498,0.650200000000011
6,499,0.650000000000011
6,500,0.649800000000011
6,501,0.6496000000000111
6,502,0.6494000000000111
6,503,0.6492000000000111
6,504,0.6490000000000111
6,505,0.6488000000000111
6,506,0.6486000000000112
6,507,0.6484000000000112
6,508,0.6482000000000112
6,509,0.6480000000000112
6,510,0.6478000000000113
6,511,0.6476000000000113
6,512,0.6474000000000113
6,513,0.6472000000000113
6,514,0.6470000000000113
6,515,0.6468000000000114
6,516,0.6466000000000114
6,517,0.6464000000000114
6,518,0.6462000000000114
6,519,0.6460000000000115
6,520,0.6458000000000115
6,521,0.6456000000000115
6,522,0.6454000000000115
6,523,0.6452000000000115
6,524,0.6450000000000116
6,525,0.6448000000000116
6,526,0.6446000000000116
6,527,0.6444000000000116
6,528,0.6442000000000117
6,529,0.6440000000000117
6,530,0.6438000000000117
6,531,0.6436000000000117
6,532,0.6434000000000117
6,533,0.6432000000000118
6,534,0.6430000000000118
6,535,0.6428000000000118
6,536,0.6426000000000118
6,537,0.6424000000000119
6,538,0.6422000000000119
6,539,0.6420000000000119
6,540,0.6418000000000119
6,541,0.6416000000000119
6,542,0.641400000000012
6,543,0.641200000000012
6,544,0.641000000000012
6,545,0.640800000000012
6,546,0.640600000000012
6,547,0.6404000000000121
6,548,0.6402000000000121
6,549,0.6400000000000121
6,550,0.6398000000000121
6,551,0.6396000000000122
6,552,0.6394000000000122
6,553,0.6392000000000122
6,554,0.6390000000000122
6,555,0.6388000000000122
6,556,0.6386000000000123
6,557,0.6384000000000123
6,558,0.6382000000000123
6,559,0.6380000000000123
6,560,0.6378000000000124
6,561,0.6376000000000124
6,562,0.6374000000000124
6,563,0.6372000000000124
6,564,0.6370000000000124
6,565,0.6368000000000125
6,566,0.6366000000000125
6,567,0.6364000000000125
6,568,0.6362000000000125
6,569,0.6360000000000126
7,0,0.7748
7,1,0.7746000000000001
7,2,0.7744000000000001
7,3,0.7742000000000001
7,4,0.7740000000000001
7,5,0.7738000000000002
7,6,0.7736000000000002
7,7,0.7734000000000002
7,8,0.7732000000000002
7,9,0.7730000000000002
7,10,0.7728000000000003
7,11,0.7726000000000003
7,12,0.7724000000000003
7,13,0.7722000000000003
7,14,0.7720000000000004
7,15,0.7718000000000004
7,16,0.7716000000000004
7,17,0.7714000000000004
7,18,0.7712000000000004
7,19,0.7710000000000005
7,20,0.7708000000000005
7,21,0.7706000000000005
7,22,0.7704000000000005
7,23,0.7702000000000006
7,24,0.7700000000000006
7,25,0.7698000000000006
7,26,0.7696000000000006
7,27,0.7694000000000006
7,28,0.7692000000000007
7,29,0.7690000000000007
7,30,0.7688000000000007
7,31,0.7686000000000007
7,32,0.7684000000000007
7,33,0.7682000000000008
7,34,0.7680000000000008
7,35,0.7678000000000008
7,36,0.7676000000000008
7,37,0.7674000000000009
7,38,0.7672000000000009
7,39,0.7670000000000009
7,40,0.7668000000000009
7,41,0.766600000000001
7,42,0.766400000000001
7,43,0.766200000000001
7,44,0.766000000000001
7,45,0.765800000000001
7,46,0.7656000000000011
7,47,0.7654000000000011
7,48,0.7652000000000011
7,49,0.7650000000000011
7,50,0.7648000000000011
7,51,0.7646000000000012
7,52,0.7644000000000012
7,53,0.7642000000000012
7,54,0.7640000000000012
7,55,0.7638000000000013
7,56,0.7636000000000013
7,57,0.7634000000000013
7,58,0.7632000000000013
7,59,0.7630000000000013
7,60,0.7628000000000014
7,61,0.7626000000000014
7,62,0.7624000000000014
7,63,0.7622000000000014
7,64,0.7620000000000015
7,65,0.7618000000000015
7,66,0.7616000000000015
7,67,0.7614000000000015
7,68,0.7612000000000015
7,69,0.7610000000000016
7,70,0.7608000000000016
7,71,0.7606000000000016
7,72,0.7604000000000016
7,73,0.7602000000000017
7,74,0.7600000000000017
7,75,0.7598000000000017
7,76,0.7596000000000017
7,77,0.7594000000000017
7,78,0.7592000000000018
7,79,0.7590000000000018
7,80,0.7588000000000018
7,81,0.7586000000000018
7,82,0.7584000000000019
7,83,0.7582000000000019
7,84,0.7580000000000019
7,85,0.7578000000000019
7,86,0.7576000000000019
7,87,0.757400000000002
7,88,0.757200000000002
7,89,0.757000000000002
7,90,0.756800000000002
7,91,0.756600000000002
7,92,0.7564000000000021
7,93,0.7562000000000021
7,94,0.7560000000000021
7,95,0.7558000000000021
7,96,0.7556000000000022
7,97,0.7554000000000022
7,98,0.7552000000000022
7,99,0.7550000000000022
7,100,0.7548000000000022
7,101,0.7546000000000023
7,102,0.7544000000000023
7,103,0.7542000000000023
7,104,0.7540000000000023
7,105,0.7538000000000024
7,106,0.7536000000000024
7,107,0.7534000000000024
7,108,0.7532000000000024
7,109,0.7530000000000024
7,110,0.7528000000000025
7,111,0.7526000000000025
7,112,0.7524000000000025
7,113,0.7522000000000025
7,114,0.7520000000000026
7,115,0.7518000000000026
7,116,0.7516000000000026
7,117,0.7514000000000026
7,118,0.7512000000000026
7,119,0.7510000000000027
7,120,0.7508000000000027
7,121,0.7506000000000027
7,122,0.7504000000000027
7,123,0.7502000000000028
7,124,0.7500000000000028
7,125,0.7498000000000028
7,126,0.7496000000000028
7,127,0.7494000000000028
7,128,0.7492000000000029
7,129,0.7490000000000029
7,130,0.7488000000000029
7,131,0.7486000000000029
7,132,0.748400000000003
7,133,0.748200000000003
7,134,0.748000000000003
7,135,0.747800000000003
7,136,0.747600000000003
7,137,0.7474000000000031
7,138,0.7472000000000031
7,139,0.7470000000000031
7,140,0.7468000000000031
7,141,0.7466000000000032
7,142,0.7464000000000032
7,143,0.7462000000000032
7,144,0.7460000000000032
7,145,0.7458000000000032
7,146,0.7456000000000033
7,147,0.7454000000000033
7,148,0.7452000000000033
7,149,0.7450000000000033
7,150,0.7448000000000033
7,151,0.7446000000000034
7,152,0.7444000000000034
7,153,0.7442000000000034
7,154,0.7440000000000034
7,155,0.7438000000000035
7,156,0.7436000000000035
7,157,0.7434000000000035
7,158,0.7432000000000035
7,159,0.7430000000000035
7,160,0.7428000000000036
7,161,0.7426000000000036
7,162,0.7424000000000036
7,163,0.7422000000000036
7,164,0.7420000000000037
7,165,0.7418000000000037
7,166,0.7416000000000037
7,167,0.7414000000000037
7,168,0.7412000000000037
7,169,0.7410000000000038
7,170,0.7408000000000038
7,171,0.7406000000000038
7,172,0.7404000000000038
7,173,0.7402000000000039
7,174,0.7400000000000039
7,175,0.7398000000000039
7,176,0.7396000000000039
7,177,0.7394000000000039
7,178,0.739200000000004
7,179,0.739000000000004
7,180,0.738800000000004
7,181,0.738600000000004
7,182,0.738400000000004
7,183,0.7382000000000041
7,184,0.7380000000000041
7,185,0.7378000000000041
7,186,0.7376000000000041
7,187,0.7374000000000042
7,188,0.7372000000000042
7,189,0.7370000000000042
7,190,0.7368000000000042
7,191,0.7366000000000043
7,192,0.7364000000000043
7,193,0.7362000000000043
7,194,0.7360000000000043
7,195,0.7358000000000043
7,196,0.7356000000000044
7,197,0.7354000000000044
7,198,0.7352000000000044
7,199,0.7350000000000044
7,200,0.7348000000000044
7,201,0.7346000000000045
7,202,0.7344000000000045
7,203,0.7342000000000045
7,204,0.7340000000000045
7,205,0.7338000000000046
7,206,0.7336000000000046
7,207,0.7334000000000046
7,208,0.7332000000000046
7,209,0.7330000000000046
7,210,0.7328000000000047
7,211,0.7326000000000047
7,212,0.7324000000000047
7,213,0.7322000000000047
7,214,0.7320000000000048
7,215,0.7318000000000048
7,216,0.7316000000000048
7,217,0.7314000000000048
7,218,0.7312000000000048
7,219,0.7310000000000049
7,220,0.7308000000000049
7,221,0.7306000000000049
7,222,0.7304000000000049
7,223,0.730200000000005
7,224,0.730000000000005
7,225,0.729800000000005
7,226,0.729600000000005
7,227,0.729400000000005
7,228,0.7292000000000051
7,229,0.7290000000000051
7,230,0.7288000000000051
7,231,0.7286000000000051
7,232,0.7284000000000052
7,233,0.7282000000000052
7,234,0.7280000000000052
7,235,0.7278000000000052
7,236,0.7276000000000052
7,237,0.7274000000000053
7,238,0.7272000000000053
7,239,0.7270000000000053
7,240,0.7268000000000053
7,241,0.7266000000000054
7,242,0.7264000000000054
7,243,0.7262000000000054
7,244,0.7260000000000054
7,245,0.7258000000000054
7,246,0.7256000000000055
7,247,0.7254000000000055
7,248,0.7252000000000055
7,249,0.7250000000000055
7,250,0.7248000000000056
7,251,0.7246000000000056
7,252,0.7244000000000056
7,253,0.7242000000000056
7,254,0.7240000000000056
7,255,0.7238000000000057
7,256,0.7236000000000057
7,257,0.7234000000000057
7,258,0.7232000000000057
7,259,0.7230000000000057
7,260,0.7228000000000058
7,261,0.7226000000000058
7,262,0.7224000000000058
7,263,0.7222000000000058
7,264,0.7220000000000059
7,265,0.7218000000000059
7,266,0.7216000000000059
7,267,0.7214000000000059
7,268,0.721200000000006
7,269,0.721000000000006
7,270,0.720800000000006
7,271,0.720600000000006
7,272,0.720400000000006
7,273,0.7202000000000061
7,274,0.7200000000000061
7,275,0.7198000000000061
7,276,0.7196000000000061
7,277,0.7194000000000061
7,278,0.7192000000000062
7,279,0.7190000000000062
7,280,0.7188000000000062
7,281,0.7186000000000062
7,282,0.7184000000000063
7,283,0.7182000000000063
7,284,0.7180000000000063
7,285,0.7178000000000063
7,286,0.7176000000000063
7,287,0.7174000000000064
7,288,0.7172000000000064
7,289,0.7170000000000064
7,290,0.7168000000000064
7,291,0.7166000000000065
7,292,0.7164000000000065
7,293,0.7162000000000065
7,294,0.7160000000000065
7,295,0.7158000000000065
7,296,0.7156000000000066
7,297,0.7154000000000066
7,298,0.7152000000000066
7,299,0.7150000000000066
7,300,0.7148000000000067
7,301,0.7146000000000067
7,302,0.7144000000000067
7,303,0.7142000000000067
7,304,0.7140000000000067
7,305,0.7138000000000068
7,306,0.7136000000000068
7,307,0.7134000000000068
7,308,0.7132000000000068
7,309,0.7130000000000069
7,310,0.7128000000000069
7,311,0.7126000000000069
7,312,0.7124000000000069
7,313,0.7122000000000069
7,314,0.712000000000007
7,315,0.711800000000007
7,316,0.711600000000007
7,317,0.711400000000007
7,318,0.711200000000007
7,319,0.7110000000000071
7,320,0.7108000000000071
7,321,0.7106000000000071
7,322,0.7104000000000071
7,323,0.7102000000000072
7,324,0.7100000000000072
7,325,0.7098000000000072
7,326,0.7096000000000072
7,327,0.7094000000000072
7,328,0.7092000000000073
7,329,0.7090000000000073
7,330,0.7088000000000073
7,331,0.7086000000000073
7,332,0.7084000000000074
7,333,0.7082000000000074
7,334,0.7080000000000074
7,335,0.7078000000000074
7,336,0.7076000000000074
7,337,0.7074000000000075
7,338,0.7072000000000075
7,339,0.7070000000000075
7,340,0.7068000000000075
7,341,0.7066000000000076
7,342,0.7064000000000076
7,343,0.7062000000000076
7,344,0.7060000000000076
7,345,0.7058000000000076
7,346,0.7056000000000077
7,347,0.7054000000000077
7,348,0.7052000000000077
7,349,0.7050000000000077
7,350,0.7048000000000078
7,351,0.7046000000000078
7,352,0.7044000000000078
7,353,0.7042000000000078
7,354,0.7040000000000078
7,355,0.7038000000000079
7,356,0.7036000000000079
7,357,0.7034000000000079
7,358,0.7032000000000079
7,359,0.703000000000008
7,360,0.702800000000008
7,361,0.702600000000008
7,362,0.702400000000008
7,363,0.702200000000008
7,364,0.7020000000000081
7,365,0.7018000000000081
7,366,0.7016000000000081
7,367,0.7014000000000081
7,368,0.7012000000000082
7,369,0.7010000000000082
7,370,0.7008000000000082
7,371,0.7006000000000082
7,372,0.7004000000000082
7,373,0.7002000000000083
7,374,0.7000000000000083
7,375,0.6998000000000083
7,376,0.6996000000000083
7,377,0.6994000000000083
7,378,0.6992000000000084
7,379,0.6990000000000084
7,380,0.6988000000000084
7,381,0.6986000000000084
7,382,0.6984000000000085
7,383,0.6982000000000085
7,384,0.6980000000000085
7,385,0.6978000000000085
7,386,0.6976000000000085
7,387,0.6974000000000086
7,388,0.6972000000000086
7,389,0.6970000000000086
7,390,0.6968000000000086
7,391,0.6966000000000087
7,392,0.6964000000000087
7,393,0.6962000000000087
7,394,0.6960000000000087
7,395,0.6958000000000087
7,396,0.6956000000000088
7,397,0.6954000000000088
7,398,0.6952000000000088
7,399,0.6950000000000088
7,400,0.6948000000000089
7,401,0.6946000000000089
7,402,0.6944000000000089
7,403,0.6942000000000089
7,404,0.6940000000000089
7,405,0.693800000000009
7,406,0.693600000000009
7,407,0.693400000000009
7,408,0.693200000000009
7,409,0.693000000000009
7,410,0.6928000000000091
7,411,0.6926000000000091
7,412,0.6924000000000091
7,413,0.6922000000000091
7,414,0.6920000000000092
7,415,0.6918000000000092
7,416,0.6916000000000092
7,417,0.6914000000000092
7,418,0.6912000000000093
7,419,0.6910000000000093
7,420,0.6908000000000093
7,421,0.6906000000000093
7,422,0.6904000000000093
7,423,0.6902000000000094
7,424,0.6900000000000094
7,425,0.6898000000000094
7,426,0.6896000000000094
7,427,0.6894000000000094
7,428,0.6892000000000095
7,429,0.6890000000000095
7,430,0.6888000000000095
7,431,0.6886000000000095
7,432,0.6884000000000096
7,433,0.6882000000000096
7,434,0.6880000000000096
7,435,0.6878000000000096
7,436,0.6876000000000096
7,437,0.6874000000000097
7,438,0.6872000000000097
7,439,0.6870000000000097
7,440,0.6868000000000097
7,441,0.6866000000000098
7,442,0.6864000000000098
7,443,0.6862000000000098
7,444,0.6860000000000098
7,445,0.6858000000000098
7,446,0.6856000000000099
7,447,0.6854000000000099
7,448,0.6852000000000099
7,449,0.6850000000000099
7,450,0.68480000000001
7,451,0.68460000000001
7,452,0.68440000000001
7,453,0.68420000000001
7,454,0.68400000000001
7,455,0.6838000000000101
7,456,0.6836000000000101
7,457,0.6834000000000101
7,458,0.6832000000000101
7,459,0.6830000000000102
7,460,0.6828000000000102
7,461,0.6826000000000102
7,462,0.6824000000000102
7,463,0.6822000000000102
7,464,0.6820000000000103
7,465,0.6818000000000103
7,466,0.6816000000000103
7,467,0.6814000000000103
7,468,0.6812000000000104
7,469,0.6810000000000104
7,470,0.6808000000000104
7,471,0.6806000000000104
7,472,0.6804000000000104
7,473,0.6802000000000105
7,474,0.6800000000000105
7,475,0.6798000000000105
7,476,0.6796000000000105
7,477,0.6794000000000106
7,478,0.6792000000000106
7,479,0.6790000000000106
7,480,0.6788000000000106
7,481,0.6786000000000106
7,482,0.6784000000000107
7,483,0.6782000000000107
7,484,0.6780000000000107
7,485,0.6778000000000107
7,486,0.6776000000000107
7,487,0.6774000000000108
7,488,0.6772000000000108
7,489,0.6770000000000108
7,490,0.6768000000000108
7,491,0.6766000000000109
7,492,0.6764000000000109
7,493,0.6762000000000109
7,494,0.6760000000000109
7,495,0.675800000000011
7,496,0.675600000000011
7,497,0.675400000000011
7,498,0.675200000000011
7,499,0.675000000000011
7,500,0.6748000000000111
7,501,0.6746000000000111
7,502,0.6744000000000111
7,503,0.6742000000000111
7,504,0.6740000000000111
7,505,0.6738000000000112
7,506,0.6736000000000112
7,507,0.6734000000000112
7,508,0.6732000000000112
7,509,0.6730000000000113
7,510,0.6728000000000113
7,511,0.6726000000000113
7,512,0.6724000000000113
7,513,0.6722000000000113
7,514,0.6720000000000114
7,515,0.6718000000000114
7,516,0.6716000000000114
7,517,0.6714000000000114
7,518,0.6712000000000115
7,519,0.6710000000000115
7,520,0.6708000000000115
7,521,0.6706000000000115
7,522,0.6704000000000115
7,523,0.6702000000000116
7,524,0.6700000000000116
7,525,0.6698000000000116
7,526,0.6696000000000116
7,527,0.6694000000000117
7,528,0.6692000000000117
7,529,0.6690000000000117
7,530,0.6688000000000117
7,531,0.6686000000000117
7,532,0.6684000000000118
7,533,0.6682000000000118
7,534,0.6680000000000118
7,535,0.6678000000000118
7,536,0.6676000000000119
7,537,0.6674000000000119
7,538,0.6672000000000119
7,539,0.6670000000000119
7,540,0.6668000000000119
7,541,0.666600000000012
7,542,0.666400000000012
7,543,0.666200000000012
7,544,0.666000000000012
7,545,0.665800000000012
7,546,0.6656000000000121
7,547,0.6654000000000121
7,548,0.6652000000000121
7,549,0.6650000000000121
7,550,0.6648000000000122
7,551,0.6646000000000122
7,552,0.6644000000000122
7,553,0.6642000000000122
7,554,0.6640000000000122
7,555,0.6638000000000123
7,556,0.6636000000000123
7,557,0.6634000000000123
7,558,0.6632000000000123
7,559,0.6630000000000124
7,560,0.6628000000000124
7,561,0.6626000000000124
7,562,0.6624000000000124
7,563,0.6622000000000124
7,564,0.6620000000000125
7,565,0.6618000000000125
7,566,0.6616000000000125
7,567,0.6614000000000125
7,568,0.6612000000000126
7,569,0.6610000000000126
8,0,0.7998000000000001
8,1,0.7996000000000001
8,2,0.7994000000000001
8,3,0.7992000000000001
8,4,0.7990000000000002
8,5,0.7988000000000002
8,6,0.7986000000000002
8,7,0.7984000000000002
8,8,0.7982000000000002
8,9,0.7980000000000003
8,10,0.7978000000000003
8,11,0.7976000000000003
8,12,0.7974000000000003
8,13,0.7972000000000004
8,14,0.7970000000000004
8,15,0.7968000000000004
8,16,0.7966000000000004
8,17,0.7964000000000004
8,18,0.7962000000000005
8,19,0.7960000000000005
8,20,0.7958000000000005
8,21,0.7956000000000005
8,22,0.7954000000000006
8,23,0.7952000000000006
8,24,0.7950000000000006
8,25,0.7948000000000006
8,26,0.7946000000000006
8,27,0.7944000000000007
8,28,0.7942000000000007
8,29,0.7940000000000007
8,30,0.7938000000000007
8,31,0.7936000000000007
8,32,0.7934000000000008
8,33,0.7932000000000008
8,34,0.7930000000000008
8,35,0.7928000000000008
8,36,0.7926000000000009
8,37,0.7924000000000009
8,38,0.7922000000000009
8,39,0.7920000000000009
8,40,0.791800000000001
8,41,0.791600000000001
8,42,0.791400000000001
8,43,0.791200000000001
8,44,0.791000000000001
8,45,0.7908000000000011
8,46,0.7906000000000011
8,47,0.7904000000000011
8,48,0.7902000000000011
8,49,0.7900000000000011
8,50,0.7898000000000012
8,51,0.7896000000000012
8,52,0.7894000000000012
8,53,0.7892000000000012
8,54,0.7890000000000013
8,55,0.7888000000000013
8,56,0.7886000000000013
8,57,0.7884000000000013
8,58,0.7882000000000013
8,59,0.7880000000000014
8,60,0.7878000000000014
8,61,0.7876000000000014
8,62,0.7874000000000014
8,63,0.7872000000000015
8,64,0.7870000000000015
8,65,0.7868000000000015
8,66,0.7866000000000015
8,67,0.7864000000000015
8,68,0.7862000000000016
8,69,0.7860000000000016
8,70,0.7858000000000016
8,71,0.7856000000000016
8,72,0.7854000000000017
8,73,0.7852000000000017
8,74,0.7850000000000017
8,75,0.7848000000000017
8,76,0.7846000000000017
8,77,0.7844000000000018
8,78,0.7842000000000018
8,79,0.7840000000000018
8,80,0.7838000000000018
8,81,0.7836000000000019
8,82,0.7834000000000019
8,83,0.7832000000000019
8,84,0.7830000000000019
8,85,0.7828000000000019
8,86,0.782600000000002
8,87,0.782400000000002
8,88,0.782200000000002
8,89,0.782000000000002
8,90,0.781800000000002
8,91,0.7816000000000021
8,92,0.7814000000000021
8,93,0.7812000000000021
8,94,0.7810000000000021
8,95,0.7808000000000022
8,96,0.7806000000000022
8,97,0.7804000000000022
8,98,0.7802000000000022
8,99,0.7800000000000022
8,100,0.7798000000000023
8,101,0.7796000000000023
8,102,0.7794000000000023
8,103,0.7792000000000023
8,104,0.7790000000000024
8,105,0.7788000000000024
8,106,0.7786000000000024
8,107,0.7784000000000024
8,108,0.7782000000000024
8,109,0.7780000000000025
8,110,0.7778000000000025
8,111,0.7776000000000025
8,112,0.7774000000000025
8,113,0.7772000000000026
8,114,0.7770000000000026
8,115,0.7768000000000026
8,116,0.7766000000000026
8,117,0.7764000000000026
8,118,0.7762000000000027
8,119,0.7760000000000027
8,120,0.7758000000000027
8,121,0.7756000000000027
8,122,0.7754000000000028
8,123,0.7752000000000028
8,124,0.7750000000000028
8,125,0.7748000000000028
8,126,0.7746000000000028
8,127,0.7744000000000029
8,128,0.7742000000000029
8,129,0.7740000000000029
8,130,0.7738000000000029
8,131,0.773600000000003
8,132,0.773400000000003
8,133,0.773200000000003
8,134,0.773000000000003
8,135,0.772800000000003
8,136,0.7726000000000031
8,137,0.7724000000000031
8,138,0.7722000000000031
8,139,0.7720000000000031
8,140,0.7718000000000032
8,141,0.7716000000000032
8,142,0.7714000000000032
8,143,0.7712000000000032
8,144,0.7710000000000032
8,145,0.7708000000000033
8,146,0.7706000000000033
8,147,0.7704000000000033
8,148,0.7702000000000033
8,149,0.7700000000000033
8,150,0.7698000000000034
8,151,0.7696000000000034
8,152,0.7694000000000034
8,153,0.7692000000000034
8,154,0.7690000000000035
8,155,0.7688000000000035
8,156,0.7686000000000035
8,157,0.7684000000000035
8,158,0.7682000000000035
8,159,0.7680000000000036
8,160,0.7678000000000036
8,161,0.7676000000000036
8,162,0.7674000000000036
8,163,0.7672000000000037
8,164,0.7670000000000037
8,165,0.7668000000000037
8,166,0.7666000000000037
8,167,0.7664000000000037
8,168,0.7662000000000038
8,169,0.7660000000000038
8,170,0.7658000000000038
8,171,0.7656000000000038
8,172,0.7654000000000039
8,173,0.7652000000000039
8,174,0.7650000000000039
8,175,0.7648000000000039
8,176,0.7646000000000039
8,177,0.764400000000004
8,178,0.764200000000004
8,179,0.764000000000004
8,180,0.763800000000004
8,181,0.763600000000004
8,182,0.7634000000000041
8,183,0.7632000000000041
8,184,0.7630000000000041
8,185,0.7628000000000041
8,186,0.7626000000000042
8,187,0.7624000000000042
8,188,0.7622000000000042
8,189,0.7620000000000042
8,190,0.7618000000000043
8,191,0.7616000000000043
8,192,0.7614000000000043
8,193,0.7612000000000043
8,194,0.7610000000000043
8,195,0.7608000000000044
8,196,0.7606000000000044
8,197,0.7604000000000044
8,198,0.7602000000000044
8,199,0.7600000000000044
8,200,0.7598000000000045
8,201,0.7596000000000045
8,202,0.7594000000000045
8,203,0.7592000000000045
8,204,0.7590000000000046
8,205,0.7588000000000046
8,206,0.7586000000000046
8,207,0.7584000000000046
8,208,0.7582000000000046
8,209,0.7580000000000047
8,210,0.7578000000000047
8,211,0.7576000000000047
8,212,0.7574000000000047
8,213,0.7572000000000048
8,214,0.7570000000000048
8,215,0.7568000000000048
8,216,0.7566000000000048
8,217,0.7564000000000048
8,218,0.7562000000000049
8,219,0.7560000000000049
8,220,0.7558000000000049
8,221,0.7556000000000049
8,222,0.755400000000005
8,223,0.755200000000005
8,224,0.755000000000005
8,225,0.754800000000005
8,226,0.754600000000005
8,227,0.7544000000000051
8,228,0.7542000000000051
8,229,0.7540000000000051
8,230,0.7538000000000051
8,231,0.7536000000000052
8,232,0.7534000000000052
8,233,0.7532000000000052
8,234,0.7530000000000052
8,235,0.7528000000000052
8,236,0.7526000000000053
8,237,0.7524000000000053
8,238,0.7522000000000053
8,239,0.7520000000000053
8,240,0.7518000000000054
8,241,0.7516000000000054
8,242,0.7514000000000054
8,243,0.7512000000000054
8,244,0.7510000000000054
8,245,0.7508000000000055
8,246,0.7506000000000055
8,247,0.7504000000000055
8,248,0.7502000000000055
8,249,0.7500000000000056
8,250,0.7498000000000056
8,251,0.7496000000000056
8,252,0.7494000000000056
8,253,0.7492000000000056
8,254,0.7490000000000057
8,255,0.7488000000000057
8,256,0.7486000000000057
8,257,0.7484000000000057
8,258,0.7482000000000057
8,259,0.7480000000000058
8,260,0.7478000000000058
8,261,0.7476000000000058
8,262,0.7474000000000058
8,263,0.7472000000000059
8,264,0.7470000000000059
8,265,0.7468000000000059
8,266,0.7466000000000059
8,267,0.746400000000006
8,268,0.746200000000006
8,269,0.746000000000006
8,270,0.745800000000006
8,271,0.745600000000006
8,272,0.7454000000000061
8,273,0.7452000000000061
8,274,0.7450000000000061
8,275,0.7448000000000061
8,276,0.7446000000000061
8,277,0.7444000000000062
8,278,0.7442000000000062
8,279,0.7440000000000062
8,280,0.7438000000000062
8,281,0.7436000000000063
8,282,0.7434000000000063
8,283,0.7432000000000063
8,284,0.7430000000000063
8,285,0.7428000000000063
8,286,0.7426000000000064
8,287,0.7424000000000064
8,288,0.7422000000000064
8,289,0.7420000000000064
8,290,0.7418000000000065
8,291,0.7416000000000065
8,292,0.7414000000000065
8,293,0.7412000000000065
8,294,0.7410000000000065
8,295,0.7408000000000066
8,296,0.7406000000000066
8,297,0.7404000000000066
8,298,0.7402000000000066
8,299,0.7400000000000067
8,300,0.7398000000000067
8,301,0.7396000000000067
8,302,0.7394000000000067
8,303,0.7392000000000067
8,304,0.7390000000000068
8,305,0.7388000000000068
8,306,0.7386000000000068
8,307,0.7384000000000068
8,308,0.7382000000000069
8,309,0.7380000000000069
8,310,0.7378000000000069
8,311,0.7376000000000069
8,312,0.7374000000000069
8,313,0.737200000000007
8,314,0.737000000000007
8,315,0.736800000000007
8,316,0.736600000000007
8,317,0.736400000000007
8,318,0.7362000000000071
8,319,0.7360000000000071
8,320,0.7358000000000071
8,321,0.7356000000000071
8,322,0.7354000000000072
8,323,0.7352000000000072
8,324,0.7350000000000072
8,325,0.7348000000000072
8,326,0.7346000000000072
8,327,0.7344000000000073
8,328,0.7342000000000073
8,329,0.7340000000000073
8,330,0.7338000000000073
8,331,0.7336000000000074
8,332,0.7334000000000074
8,333,0.7332000000000074
8,334,0.7330000000000074
8,335,0.7328000000000074
8,336,0.7326000000000075
8,337,0.7324000000000075
8,338,0.7322000000000075
8,339,0.7320000000000075
8,340,0.7318000000000076
8,341,0.7316000000000076
8,342,0.7314000000000076
8,343,0.7312000000000076
8,344,0.7310000000000076
8,345,0.7308000000000077
8,346,0.7306000000000077
8,347,0.7304000000000077
8,348,0.7302000000000077
8,349,0.7300000000000078
8,350,0.7298000000000078
8,351,0.7296000000000078
8,352,0.7294000000000078
8,353,0.7292000000000078
8,354,0.7290000000000079
8,355,0.7288000000000079
8,356,0.7286000000000079
8,357,0.7284000000000079
8,358,0.728200000000008
8,359,0.728000000000008
8,360,0.727800000000008
8,361,0.727600000000008
8,362,0.727400000000008
8,363,0.7272000000000081
8,364,0.7270000000000081
8,365,0.7268000000000081
8,366,0.7266000000000081
8,367,0.7264000000000082
8,368,0.7262000000000082
8,369,0.7260000000000082
8,370,0.7258000000000082
8,371,0.7256000000000082
8,372,0.7254000000000083
8,373,0.7252000000000083
8,374,0.7250000000000083
8,375,0.7248000000000083
8,376,0.7246000000000083
8,377,0.7244000000000084
8,378,0.7242000000000084
8,379,0.7240000000000084
8,380,0.7238000000000084
8,381,0.7236000000000085
8,382,0.7234000000000085
8,383,0.7232000000000085
8,384,0.7230000000000085
8,385,0.7228000000000085
8,386,0.7226000000000086
8,387,0.7224000000000086
8,388,0.7222000000000086
8,389,0.7220000000000086
8,390,0.7218000000000087
8,391,0.7216000000000087
8,392,0.7214000000000087
8,393,0.7212000000000087
8,394,0.7210000000000087
8,395,0.7208000000000088
8,396,0.7206000000000088
8,397,0.7204000000000088
8,398,0.7202000000000088
8,399,0.7200000000000089
8,400,0.7198000000000089
8,401,0.7196000000000089
8,402,0.7194000000000089
8,403,0.7192000000000089
8,404,0.719000000000009
8,405,0.718800000000009
8,406,0.718600000000009
8,407,0.718400000000009
8,408,0.718200000000009
8,409,0.7180000000000091
8,410,0.7178000000000091
8,411,0.7176000000000091
8,412,0.7174000000000091
8,413,0.7172000000000092
8,414,0.7170000000000092
8,415,0.7168000000000092
8,416,0.7166000000000092
8,417,0.7164000000000093
8,418,0.7162000000000093
8,419,0.7160000000000093
8,420,0.7158000000000093
8,421,0.7156000000000093
8,422,0.7154000000000094
8,423,0.7152000000000094
8,424,0.7150000000000094
8,425,0.7148000000000094
8,426,0.7146000000000094
8,427,0.7144000000000095
8,428,0.7142000000000095
8,429,0.7140000000000095
8,430,0.7138000000000095
8,431,0.7136000000000096
8,432,0.7134000000000096
8,433,0.7132000000000096
8,434,0.7130000000000096
8,435,0.7128000000000096
8,436,0.7126000000000097
8,437,0.7124000000000097
8,438,0.7122000000000097
8,439,0.7120000000000097
8,440,0.7118000000000098
8,441,0.7116000000000098
8,442,0.7114000000000098
8,443,0.7112000000000098
8,444,0.7110000000000098
8,445,0.7108000000000099
8,446,0.7106000000000099
8,447,0.7104000000000099
8,448,0.7102000000000099
8,449,0.71000000000001
8,450,0.70980000000001
8,451,0.70960000000001
8,452,0.70940000000001
8,453,0.70920000000001
8,454,0.7090000000000101
8,455,0.7088000000000101
8,456,0.7086000000000101
8,457,0.7084000000000101
8,458,0.7082000000000102
8,459,0.7080000000000102
8,460,0.7078000000000102
8,461,0.7076000000000102
8,462,0.7074000000000102
8,463,0.7072000000000103
8,464,0.7070000000000103
8,465,0.7068000000000103
8,466,0.7066000000000103
8,467,0.7064000000000104
8,468,0.7062000000000104
8,469,0.7060000000000104
8,470,0.7058000000000104
8,471,0.7056000000000104
8,472,0.7054000000000105
8,473,0.7052000000000105
8,474,0.7050000000000105
8,475,0.7048000000000105
8,476,0.7046000000000106
8,477,0.7044000000000106
8,478,0.7042000000000106
8,479,0.7040000000000106
8,480,0.7038000000000106
8,481,0.7036000000000107
8,482,0.7034000000000107
8,483,0.7032000000000107
8,484,0.7030000000000107
8,485,0.7028000000000107
8,486,0.7026000000000108
8,487,0.7024000000000108
8,488,0.7022000000000108
8,489,0.7020000000000108
8,490,0.7018000000000109
8,491,0.7016000000000109
8,492,0.7014000000000109
8,493,0.7012000000000109
8,494,0.701000000000011
8,495,0.700800000000011
8,496,0.700600000000011
8,497,0.700400000000011
8,498,0.700200000000011
8,499,0.7000000000000111
8,500,0.6998000000000111
8,501,0.6996000000000111
8,502,0.6994000000000111
8,503,0.6992000000000111
8,504,0.6990000000000112
8,505,0.6988000000000112
8,506,0.6986000000000112
8,507,0.6984000000000112
8,508,0.6982000000000113
8,509,0.6980000000000113
8,510,0.6978000000000113
8,511,0.6976000000000113
8,512,0.6974000000000113
8,513,0.6972000000000114
8,514,0.6970000000000114
8,515,0.6968000000000114
8,516,0.6966000000000114
8,517,0.6964000000000115
8,518,0.6962000000000115
8,519,0.6960000000000115
8,520,0.6958000000000115
8,521,0.6956000000000115
8,522,0.6954000000000116
8,523,0.6952000000000116
8,524,0.6950000000000116
8,525,0.6948000000000116
8,526,0.6946000000000117
8,527,0.6944000000000117
8,528,0.6942000000000117
8,529,0.6940000000000117
8,530,0.6938000000000117
8,531,0.6936000000000118
8,532,0.6934000000000118
8,533,0.6932000000000118
8,534,0.6930000000000118
8,535,0.6928000000000119
8,536,0.6926000000000119
8,537,0.6924000000000119
8,538,0.6922000000000119
8,539,0.6920000000000119
8,540,0.691800000000012
8,541,0.691600000000012
8,542,0.691400000000012
8,543,0.691200000000012
8,544,0.691000000000012
8,545,0.6908000000000121
8,546,0.6906000000000121
8,547,0.6904000000000121
8,548,0.6902000000000121
8,549,0.6900000000000122
8,550,0.6898000000000122
8,551,0.6896000000000122
8,552,0.6894000000000122
8,553,0.6892000000000122
8,554,0.6890000000000123
8,555,0.6888000000000123
8,556,0.6886000000000123
8,557,0.6884000000000123
8,558,0.6882000000000124
8,559,0.6880000000000124
8,560,0.6878000000000124
8,561,0.6876000000000124
8,562,0.6874000000000124
8,563,0.6872000000000125
8,564,0.6870000000000125
8,565,0.6868000000000125
8,566,0.6866000000000125
8,567,0.6864000000000126
8,568,0.6862000000000126
8,569,0.6860000000000126
9,0,0.8248
9,1,0.8246
9,2,0.8244
9,3,0.8242
9,4,0.8240000000000001
9,5,0.8238000000000001
9,6,0.8236000000000001
9,7,0.8234000000000001
9,8,0.8232000000000002
9,9,0.8230000000000002
9,10,0.8228000000000002
9,11,0.8226000000000002
9,12,0.8224000000000002
9,13,0.8222000000000003
9,14,0.8220000000000003
9,15,0.8218000000000003
9,16,0.8216000000000003
9,17,0.8214000000000004
9,18,0.8212000000000004
9,19,0.8210000000000004
9,20,0.8208000000000004
9,21,0.8206000000000004
9,22,0.8204000000000005
9,23,0.8202000000000005
9,24,0.8200000000000005
9,25,0.8198000000000005
9,26,0.8196000000000006
9,27,0.8194000000000006
9,28,0.8192000000000006
9,29,0.8190000000000006
9,30,0.8188000000000006
9,31,0.8186000000000007
9,32,0.8184000000000007
9,33,0.8182000000000007
9,34,0.8180000000000007
9,35,0.8178000000000007
9,36,0.8176000000000008
9,37,0.8174000000000008
9,38,0.8172000000000008
9,39,0.8170000000000008
9,40,0.8168000000000009
9,41,0.8166000000000009
9,42,0.8164000000000009
9,43,0.8162000000000009
9,44,0.816000000000001
9,45,0.815800000000001
9,46,0.815600000000001
9,47,0.815400000000001
9,48,0.815200000000001
9,49,0.8150000000000011
9,50,0.8148000000000011
9,51,0.8146000000000011
9,52,0.8144000000000011
9,53,0.8142000000000011
9,54,0.8140000000000012
9,55,0.8138000000000012
9,56,0.8136000000000012
9,57,0.8134000000000012
9,58,0.8132000000000013
9,59,0.8130000000000013
9,60,0.8128000000000013
9,61,0.8126000000000013
9,62,0.8124000000000013
9,63,0.8122000000000014
9,64,0.8120000000000014
9,65,0.8118000000000014
9,66,0.8116000000000014
9,67,0.8114000000000015
9,68,0.8112000000000015
9,69,0.8110000000000015
9,70,0.8108000000000015
9,71,0.8106000000000015
9,72,0.8104000000000016
9,73,0.8102000000000016
9,74,0.8100000000000016
9,75,0.8098000000000016
9,76,0.8096000000000017
9,77,0.8094000000000017
9,78,0.8092000000000017
9,79,0.8090000000000017
9,80,0.8088000000000017
9,81,0.8086000000000018
9,82,0.8084000000000018
9,83,0.8082000000000018
9,84,0.8080000000000018
9,85,0.8078000000000018
9,86,0.8076000000000019
9,87,0.8074000000000019
9,88,0.8072000000000019
9,89,0.8070000000000019
9,90,0.806800000000002
9,91,0.806600000000002
9,92,0.806400000000002
9,93,0.806200000000002
9,94,0.806000000000002
9,95,0.8058000000000021
9,96,0.8056000000000021
9,97,0.8054000000000021
9,98,0.8052000000000021
9,99,0.8050000000000022
9,100,0.8048000000000022
9,101,0.8046000000000022
9,102,0.8044000000000022
9,103,0.8042000000000022
9,104,0.8040000000000023
9,105,0.8038000000000023
9,106,0.8036000000000023
9,107,0.8034000000000023
9,108,0.8032000000000024
9,109,0.8030000000000024
9,110,0.8028000000000024
9,111,0.8026000000000024
9,112,0.8024000000000024
9,113,0.8022000000000025
9,114,0.8020000000000025
9,115,0.8018000000000025
9,116,0.8016000000000025
9,117,0.8014000000000026
9,118,0.8012000000000026
9,119,0.8010000000000026
9,120,0.8008000000000026
9,121,0.8006000000000026
9,122,0.8004000000000027
9,123,0.8002000000000027
9,124,0.8000000000000027
9,125,0.7998000000000027
9,126,0.7996000000000028
9,127,0.7994000000000028
9,128,0.7992000000000028
9,129,0.7990000000000028
9,130,0.7988000000000028
9,131,0.7986000000000029
9,132,0.7984000000000029
9,133,0.7982000000000029
9,134,0.7980000000000029
9,135,0.797800000000003
9,136,0.797600000000003
9,137,0.797400000000003
9,138,0.797200000000003
9,139,0.797000000000003
9,140,0.7968000000000031
9,141,0.7966000000000031
9,142,0.7964000000000031
9,143,0.7962000000000031
9,144,0.7960000000000031
9,145,0.7958000000000032
9,146,0.7956000000000032
9,147,0.7954000000000032
9,148,0.7952000000000032
9,149,0.7950000000000033
9,150,0.7948000000000033
9,151,0.7946000000000033
9,152,0.7944000000000033
9,153,0.7942000000000033
9,154,0.7940000000000034
9,155,0.7938000000000034
9,156,0.7936000000000034
9,157,0.7934000000000034
9,158,0.7932000000000035
9,159,0.7930000000000035
9,160,0.7928000000000035
9,161,0.7926000000000035
9,162,0.7924000000000035
9,163,0.7922000000000036
9,164,0.7920000000000036
9,165,0.7918000000000036
9,166,0.7916000000000036
9,167,0.7914000000000037
9,168,0.7912000000000037
9,169,0.7910000000000037
9,170,0.7908000000000037
9,171,0.7906000000000037
9,172,0.7904000000000038
9,173,0.7902000000000038
9,174,0.7900000000000038
9,175,0.7898000000000038
9,176,0.7896000000000039
9,177,0.7894000000000039
9,178,0.7892000000000039
9,179,0.7890000000000039
9,180,0.7888000000000039
9,181,0.788600000000004
9,182,0.788400000000004
9,183,0.788200000000004
9,184,0.788000000000004
9,185,0.787800000000004
9,186,0.7876000000000041
9,187,0.7874000000000041
9,188,0.7872000000000041
9,189,0.7870000000000041
9,190,0.7868000000000042
9,191,0.7866000000000042
9,192,0.7864000000000042
9,193,0.7862000000000042
9,194,0.7860000000000043
9,195,0.7858000000000043
9,196,0.7856000000000043
9,197,0.7854000000000043
9,198,0.7852000000000043
9,199,0.7850000000000044
9,200,0.7848000000000044
9,201,0.7846000000000044
9,202,0.7844000000000044
9,203,0.7842000000000044
9,204,0.7840000000000045
9,205,0.7838000000000045
9,206,0.7836000000000045
9,207,0.7834000000000045
9,208,0.7832000000000046
9,209,0.7830000000000046
9,210,0.7828000000000046
9,211,0.7826000000000046
9,212,0.7824000000000046
9,213,0.7822000000000047
9,214,0.7820000000000047
9,215,0.7818000000000047
9,216,0.7816000000000047
9,217,0.7814000000000048
9,218,0.7812000000000048
9,219,0.7810000000000048
9,220,0.7808000000000048
9,221,0.7806000000000048
9,222,0.7804000000000049
9,223,0.7802000000000049
9,224,0.7800000000000049
9,225,0.7798000000000049
9,226,0.779600000000005
9,227,0.779400000000005
9,228,0.779200000000005
9,229,0.779000000000005
9,230,0.778800000000005
9,231,0.7786000000000051
9,232,0.7784000000000051
9,233,0.7782000000000051
9,234,0.7780000000000051
9,235,0.7778000000000052
9,236,0.7776000000000052
9,237,0.7774000000000052
9,238,0.7772000000000052
9,239,0.7770000000000052
9,240,0.7768000000000053
9,241,0.7766000000000053
9,242,0.7764000000000053
9,243,0.7762000000000053
9,244,0.7760000000000054
9,245,0.7758000000000054
9,246,0.7756000000000054
9,247,0.7754000000000054
9,248,0.7752000000000054
9,249,0.7750000000000055
9,250,0.7748000000000055
9,251,0.7746000000000055
9,252,0.7744000000000055
9,253,0.7742000000000056
9,254,0.7740000000000056
9,255,0.7738000000000056
9,256,0.7736000000000056
9,257,0.7734000000000056
9,258,0.7732000000000057
9,259,0.7730000000000057
9,260,0.7728000000000057
9,261,0.7726000000000057
9,262,0.7724000000000057
9,263,0.7722000000000058
9,264,0.7720000000000058
9,265,0.7718000000000058
9,266,0.7716000000000058
9,267,0.7714000000000059
9,268,0.7712000000000059
9,269,0.7710000000000059
9,270,0.7708000000000059
9,271,0.770600000000006
9,272,0.770400000000006
9,273,0.770200000000006
9,274,0.770000000000006
9,275,0.769800000000006
9,276,0.7696000000000061
9,277,0.7694000000000061
9,278,0.7692000000000061
9,279,0.7690000000000061
9,280,0.7688000000000061
9,281,0.7686000000000062
9,282,0.7684000000000062
9,283,0.7682000000000062
9,284,0.7680000000000062
9,285,0.7678000000000063
9,286,0.7676000000000063
9,287,0.7674000000000063
9,288,0.7672000000000063
9,289,0.7670000000000063
9,290,0.7668000000000064
9,291,0.7666000000000064
9,292,0.7664000000000064
9,293,0.7662000000000064
9,294,0.7660000000000065
9,295,0.7658000000000065
9,296,0.7656000000000065
9,297,0.7654000000000065
9,298,0.7652000000000065
9,299,0.7650000000000066
9,300,0.7648000000000066
9,301,0.7646000000000066
9,302,0.7644000000000066
9,303,0.7642000000000067
9,304,0.7640000000000067
9,305,0.7638000000000067
9,306,0.7636000000000067
9,307,0.7634000000000067
9,308,0.7632000000000068
9,309,0.7630000000000068
9,310,0.7628000000000068
9,311,0.7626000000000068
9,312,0.7624000000000068
9,313,0.7622000000000069
9,314,0.7620000000000069
9,315,0.7618000000000069
9,316,0.7616000000000069
9,317,0.761400000000007
9,318,0.761200000000007
9,319,0.761000000000007
9,320,0.760800000000007
9,321,0.760600000000007
9,322,0.7604000000000071
9,323,0.7602000000000071
9,324,0.7600000000000071
9,325,0.7598000000000071
9,326,0.7596000000000072
9,327,0.7594000000000072
9,328,0.7592000000000072
9,329,0.7590000000000072
9,330,0.7588000000000072
9,331,0.7586000000000073
9,332,0.7584000000000073
9,333,0.7582000000000073
9,334,0.7580000000000073
9,335,0.7578000000000074
9,336,0.7576000000000074
9,337,0.7574000000000074
9,338,0.7572000000000074
9,339,0.7570000000000074
9,340,0.7568000000000075
9,341,0.7566000000000075
9,342,0.7564000000000075
9,343,0.7562000000000075
9,344,0.7560000000000076
9,345,0.7558000000000076
9,346,0.7556000000000076
9,347,0.7554000000000076
9,348,0.7552000000000076
9,349,0.7550000000000077
9,350,0.7548000000000077
9,351,0.7546000000000077
9,352,0.7544000000000077
9,353,0.7542000000000078
9,354,0.7540000000000078
9,355,0.7538000000000078
9,356,0.7536000000000078
9,357,0.7534000000000078
9,358,0.7532000000000079
9,359,0.7530000000000079
9,360,0.7528000000000079
9,361,0.7526000000000079
9,362,0.752400000000008
9,363,0.752200000000008
9,364,0.752000000000008
9,365,0.751800000000008
9,366,0.751600000000008
9,367,0.7514000000000081
9,368,0.7512000000000081
9,369,0.7510000000000081
9,370,0.7508000000000081
9,371,0.7506000000000081
9,372,0.7504000000000082
9,373,0.7502000000000082
9,374,0.7500000000000082
9,375,0.7498000000000082
9,376,0.7496000000000083
9,377,0.7494000000000083
9,378,0.7492000000000083
9,379,0.7490000000000083
9,380,0.7488000000000083
9,381,0.7486000000000084
9,382,0.7484000000000084
9,383,0.7482000000000084
9,384,0.7480000000000084
9,385,0.7478000000000085
9,386,0.7476000000000085
9,387,0.7474000000000085
9,388,0.7472000000000085
9,389,0.7470000000000085
9,390,0.7468000000000086
9,391,0.7466000000000086
9,392,0.7464000000000086
9,393,0.7462000000000086
9,394,0.7460000000000087
9,395,0.7458000000000087
9,396,0.7456000000000087
9,397,0.7454000000000087
9,398,0.7452000000000087
9,399,0.7450000000000088
9,400,0.7448000000000088
9,401,0.7446000000000088
9,402,0.7444000000000088
9,403,0.7442000000000089
9,404,0.7440000000000089
9,405,0.7438000000000089
9,406,0.7436000000000089
9,407,0.7434000000000089
9,408,0.743200000000009
9,409,0.743000000000009
9,410,0.742800000000009
9,411,0.742600000000009
9,412,0.742400000000009
9,413,0.7422000000000091
9,414,0.7420000000000091
9,415,0.7418000000000091
9,416,0.7416000000000091
9,417,0.7414000000000092
9,418,0.7412000000000092
9,419,0.7410000000000092
9,420,0.7408000000000092
9,421,0.7406000000000093
9,422,0.7404000000000093
9,423,0.7402000000000093
9,424,0.7400000000000093
9,425,0.7398000000000093
9,426,0.7396000000000094
9,427,0.7394000000000094
9,428,0.7392000000000094
9,429,0.7390000000000094
9,430,0.7388000000000094
9,431,0.7386000000000095
9,432,0.7384000000000095
9,433,0.7382000000000095
9,434,0.7380000000000095
9,435,0.7378000000000096
9,436,0.7376000000000096
9,437,0.7374000000000096
9,438,0.7372000000000096
9,439,0.7370000000000096
9,440,0.7368000000000097
9,441,0.7366000000000097
9,442,0.7364000000000097
9,443,0.7362000000000097
9,444,0.7360000000000098
9,445,0.7358000000000098
9,446,0.7356000000000098
9,447,0.7354000000000098
9,448,0.7352000000000098
9,449,0.7350000000000099
9,450,0.7348000000000099
9,451,0.7346000000000099
9,452,0.7344000000000099
9,453,0.73420000000001
9,454,0.73400000000001
9,455,0.73380000000001
9,456,0.73360000000001
9,457,0.73340000000001
9,458,0.7332000000000101
9,459,0.7330000000000101
9,460,0.7328000000000101
9,461,0.7326000000000101
9,462,0.7324000000000102
9,463,0.7322000000000102
9,464,0.7320000000000102
9,465,0.7318000000000102
9,466,0.7316000000000102
9,467,0.7314000000000103
9,468,0.7312000000000103
9,469,0.7310000000000103
9,470,0.7308000000000103
9,471,0.7306000000000104
9,472,0.7304000000000104
9,473,0.7302000000000104
9,474,0.7300000000000104
9,475,0.7298000000000104
9,476,0.7296000000000105
9,477,0.7294000000000105
9,478,0.7292000000000105
9,479,0.7290000000000105
9,480,0.7288000000000106
9,481,0.7286000000000106
9,482,0.7284000000000106
9,483,0.7282000000000106
9,484,0.7280000000000106
9,485,0.7278000000000107
9,486,0.7276000000000107
9,487,0.7274000000000107
9,488,0.7272000000000107
9,489,0.7270000000000107
9,490,0.7268000000000108
9,491,0.7266000000000108
9,492,0.7264000000000108
9,493,0.7262000000000108
9,494,0.7260000000000109
9,495,0.7258000000000109
9,496,0.7256000000000109
9,497,0.7254000000000109
9,498,0.725200000000011
9,499,0.725000000000011
9,500,0.724800000000011
9,501,0.724600000000011
9,502,0.724400000000011
9,503,0.7242000000000111
9,504,0.7240000000000111
9,505,0.7238000000000111
9,506,0.7236000000000111
9,507,0.7234000000000111
9,508,0.7232000000000112
9,509,0.7230000000000112
9,510,0.7228000000000112
9,511,0.7226000000000112
9,512,0.7224000000000113
9,513,0.7222000000000113
9,514,0.7220000000000113
9,515,0.7218000000000113
9,516,0.7216000000000113
9,517,0.7214000000000114
9,518,0.7212000000000114
9,519,0.7210000000000114
9,520,0.7208000000000114
9,521,0.7206000000000115
9,522,0.7204000000000115
9,523,0.7202000000000115
9,524,0.7200000000000115
9,525,0.7198000000000115
9,526,0.7196000000000116
9,527,0.7194000000000116
9,528,0.7192000000000116
9,529,0.7190000000000116
9,530,0.7188000000000117
9,531,0.7186000000000117
9,532,0.7184000000000117
9,533,0.7182000000000117
9,534,0.7180000000000117
9,535,0.7178000000000118
9,536,0.7176000000000118
9,537,0.7174000000000118
9,538,0.7172000000000118
9,539,0.7170000000000119
9,540,0.7168000000000119
9,541,0.7166000000000119
9,542,0.7164000000000119
9,543,0.7162000000000119
9,544,0.716000000000012
9,545,0.715800000000012
9,546,0.715600000000012
9,547,0.715400000000012
9,548,0.715200000000012
9,549,0.7150000000000121
9,550,0.7148000000000121
9,551,0.7146000000000121
9,552,0.7144000000000121
9,553,0.7142000000000122
9,554,0.7140000000000122
9,555,0.7138000000000122
9,556,0.7136000000000122
9,557,0.7134000000000122
9,558,0.7132000000000123
9,559,0.7130000000000123
9,560,0.7128000000000123
9,561,0.7126000000000123
9,562,0.7124000000000124
9,563,0.7122000000000124
9,564,0.7120000000000124
9,565,0.7118000000000124
9,566,0.7116000000000124
9,567,0.7114000000000125
9,568,0.7112000000000125
9,569,0.7110000000000125
10,249,1.0
10,250,0.9998
10,251,0.9996
10,252,0.9994000000000001
10,253,0.9992000000000001
10,254,0.9990000000000001
10,255,0.9988000000000001
10,256,0.9986000000000002
10,257,0.9984000000000002
10,258,0.9982000000000002
10,259,0.9980000000000002
10,260,0.9978000000000002
10,261,0.9976000000000003
10,262,0.9974000000000003
10,263,0.9972000000000003
10,264,0.9970000000000003
10,265,0.9968000000000004
10,266,0.9966000000000004
10,267,0.9964000000000004
10,268,0.9962000000000004
10,269,0.9960000000000004
10,270,0.9958000000000005
10,271,0.9956000000000005
10,272,0.9954000000000005
10,273,0.9952000000000005
10,274,0.9950000000000006
10,275,0.9948000000000006
10,276,0.9946000000000006
10,277,0.9944000000000006
10,278,0.9942000000000006
10,279,0.9940000000000007
10,280,0.9938000000000007
10,281,0.9936000000000007
10,282,0.9934000000000007
10,283,0.9932000000000007
10,284,0.9930000000000008
10,285,0.9928000000000008
10,286,0.9926000000000008
10,287,0.9924000000000008
10,288,0.9922000000000009
10,289,0.9920000000000009
10,290,0.9918000000000009
10,291,0.9916000000000009
10,292,0.991400000000001
10,293,0.991200000000001
10,294,0.991000000000001
10,295,0.990800000000001
10,296,0.990600000000001
10,297,0.9904000000000011
10,298,0.9902000000000011
10,299,0.9900000000000011
10,300,0.9898000000000011
10,301,0.9896000000000011
10,302,0.9894000000000012
10,303,0.9892000000000012
10,304,0.9890000000000012
10,305,0.9888000000000012
10,306,0.9886000000000013
10,307,0.9884000000000013
10,308,0.9882000000000013
10,309,0.9880000000000013
10,310,0.9878000000000013
10,311,0.9876000000000014
10,312,0.9874000000000014
10,313,0.9872000000000014
10,314,0.9870000000000014
10,315,0.9868000000000015
10,316,0.9866000000000015
10,317,0.9864000000000015
10,318,0.9862000000000015
10,319,0.9860000000000015
10,320,0.9858000000000016
10,321,0.9856000000000016
10,322,0.9854000000000016
10,323,0.9852000000000016
10,324,0.9850000000000017
10,325,0.9848000000000017
10,326,0.9846000000000017
10,327,0.9844000000000017
10,328,0.9842000000000017
10,329,0.9840000000000018
10,330,0.9838000000000018
10,331,0.9836000000000018
10,332,0.9834000000000018
10,333,0.9832000000000019
10,334,0.9830000000000019
10,335,0.9828000000000019
10,336,0.9826000000000019
10,337,0.9824000000000019
10,338,0.982200000000002
10,339,0.982000000000002
10,340,0.981800000000002
10,341,0.981600000000002
10,342,0.981400000000002
10,343,0.9812000000000021
10,344,0.9810000000000021
10,345,0.9808000000000021
10,346,0.9806000000000021
10,347,0.9804000000000022
10,348,0.9802000000000022
10,349,0.9800000000000022
10,350,0.9798000000000022
10,351,0.9796000000000022
10,352,0.9794000000000023
10,353,0.9792000000000023
10,354,0.9790000000000023
10,355,0.9788000000000023
10,356,0.9786000000000024
10,357,0.9784000000000024
10,358,0.9782000000000024
10,359,0.9780000000000024
10,360,0.9778000000000024
10,361,0.9776000000000025
10,362,0.9774000000000025
10,363,0.9772000000000025
10,364,0.9770000000000025
10,365,0.9768000000000026
10,366,0.9766000000000026
10,367,0.9764000000000026
10,368,0.9762000000000026
10,369,0.9760000000000026
10,370,0.9758000000000027
10,371,0.9756000000000027
10,372,0.9754000000000027
10,373,0.9752000000000027
10,374,0.9750000000000028
10,375,0.9748000000000028
10,376,0.9746000000000028
10,377,0.9744000000000028
10,378,0.9742000000000028
10,379,0.9740000000000029
10,380,0.9738000000000029
10,381,0.9736000000000029
10,382,0.9734000000000029
10,383,0.973200000000003
10,384,0.973000000000003
10,385,0.972800000000003
10,386,0.972600000000003
10,387,0.972400000000003
10,388,0.9722000000000031
10,389,0.9720000000000031
10,390,0.9718000000000031
10,391,0.9716000000000031
10,392,0.9714000000000031
10,393,0.9712000000000032
10,394,0.9710000000000032
10,395,0.9708000000000032
10,396,0.9706000000000032
10,397,0.9704000000000033
10,398,0.9702000000000033
10,399,0.9700000000000033
10,400,0.9698000000000033
10,401,0.9696000000000033
10,402,0.9694000000000034
10,403,0.9692000000000034
10,404,0.9690000000000034
10,405,0.9688000000000034
10,406,0.9686000000000035
10,407,0.9684000000000035
10,408,0.9682000000000035
10,409,0.9680000000000035
10,410,0.9678000000000035
10,411,0.9676000000000036
10,412,0.9674000000000036
10,413,0.9672000000000036
10,414,0.9670000000000036
10,415,0.9668000000000037
10,416,0.9666000000000037
10,417,0.9664000000000037
10,418,0.9662000000000037
10,419,0.9660000000000037
10,420,0.9658000000000038
10,421,0.9656000000000038
10,422,0.9654000000000038
10,423,0.9652000000000038
10,424,0.9650000000000039
10,425,0.9648000000000039
10,426,0.9646000000000039
10,427,0.9644000000000039
10,428,0.9642000000000039
10,429,0.964000000000004
10,430,0.963800000000004
10,431,0.963600000000004
10,432,0.963400000000004
10,433,0.963200000000004
10,434,0.9630000000000041
10,435,0.9628000000000041
10,436,0.9626000000000041
10,437,0.9624000000000041
10,438,0.9622000000000042
10,439,0.9620000000000042
10,440,0.9618000000000042
10,441,0.9616000000000042
10,442,0.9614000000000043
10,443,0.9612000000000043
10,444,0.9610000000000043
10,445,0.9608000000000043
10,446,0.9606000000000043
10,447,0.9604000000000044
10,448,0.9602000000000044
10,449,0.9600000000000044
10,450,0.9598000000000044
10,451,0.9596000000000044
10,452,0.9594000000000045
10,453,0.9592000000000045
10,454,0.9590000000000045
10,455,0.9588000000000045
10,456,0.9586000000000046
10,457,0.9584000000000046
10,458,0.9582000000000046
10,459,0.9580000000000046
10,460,0.9578000000000046
10,461,0.9576000000000047
10,462,0.9574000000000047
10,463,0.9572000000000047
10,464,0.9570000000000047
10,465,0.9568000000000048
10,466,0.9566000000000048
10,467,0.9564000000000048
10,468,0.9562000000000048
10,469,0.9560000000000048
10,470,0.9558000000000049
10,471,0.9556000000000049
10,472,0.9554000000000049
10,473,0.9552000000000049
10,474,0.955000000000005
10,475,0.954800000000005
10,476,0.954600000000005
10,477,0.954400000000005
10,478,0.954200000000005
10,479,0.9540000000000051
10,480,0.9538000000000051
10,481,0.9536000000000051
10,482,0.9534000000000051
10,483,0.9532000000000052
10,484,0.9530000000000052
10,485,0.9528000000000052
10,486,0.9526000000000052
10,487,0.9524000000000052
10,488,0.9522000000000053
10,489,0.9520000000000053
10,490,0.9518000000000053
10,491,0.9516000000000053
10,492,0.9514000000000054
10,493,0.9512000000000054
10,494,0.9510000000000054
10,495,0.9508000000000054
10,496,0.9506000000000054
10,497,0.9504000000000055
10,498,0.9502000000000055
10,499,0.9500000000000055
10,500,0.9498000000000055
10,501,0.9496000000000056
10,502,0.9494000000000056
10,503,0.9492000000000056
10,504,0.9490000000000056
10,505,0.9488000000000056
10,506,0.9486000000000057
10,507,0.9484000000000057
10,508,0.9482000000000057
10,509,0.9480000000000057
10,510,0.9478000000000057
10,511,0.9476000000000058
10,512,0.9474000000000058
10,513,0.9472000000000058
10,514,0.9470000000000058
10,515,0.9468000000000059
10,516,0.9466000000000059
10,517,0.9464000000000059
10,518,0.9462000000000059
10,519,0.946000000000006
10,520,0.945800000000006
10,521,0.945600000000006
10,522,0.945400000000006
10,523,0.945200000000006
10,524,0.9450000000000061
10,525,0.9448000000000061
10,526,0.9446000000000061
10,527,0.9444000000000061
10,528,0.9442000000000061
10,529,0.9440000000000062
10,530,0.9438000000000062
10,531,0.9436000000000062
10,532,0.9434000000000062
10,533,0.9432000000000063
10,534,0.9430000000000063
10,535,0.9428000000000063
10,536,0.9426000000000063
10,537,0.9424000000000063
10,538,0.9422000000000064
10,539,0.9420000000000064
10,540,0.9418000000000064
10,541,0.9416000000000064
10,542,0.9414000000000065
10,543,0.9412000000000065
10,544,0.9410000000000065
10,545,0.9408000000000065
10,546,0.9406000000000065
10,547,0.9404000000000066
10,548,0.9402000000000066
10,549,0.9400000000000066
10,550,0.9398000000000066
10,551,0.9396000000000067
10,552,0.9394000000000067
10,553,0.9392000000000067
10,554,0.9390000000000067
10,555,0.9388000000000067
10,556,0.9386000000000068
10,557,0.9384000000000068
10,558,0.9382000000000068
10,559,0.9380000000000068
10,560,0.9378000000000069
10,561,0.9376000000000069
10,562,0.9374000000000069
10,563,0.9372000000000069
10,564,0.9370000000000069
10,565,0.936800000000007
10,566,0.936600000000007
10,567,0.936400000000007
10,568,0.936200000000007
10,569,0.936000000000007
